num‚ro crabe,date,Bateau/ position,cond,status reprod,LC,LA,Poids,Couleur oeufs,num‚ro crabe,Coleur oeufs (dev),Couleur gonade,% oeufs restants,num‚ro crabe,masse total (oeufs),?ufs compt‚s,masse s-echantillon
1,26-07-2010,Marco-Michel,3M,M,64.30,43.75,94.0,OF,1,O,O,75,1,2.3291,546,0.0335
2,26-07-2010,Marco-Michel,2,P,54.46,37.14,54.0,OC,2,OC,O,75,2,1.3471,500,0.0286
3,26-07-2010,Marco-Michel,3M,M,63.40,44.76,88.7,OF,3,O,O,75,3,1.8990,500,0.0285
4,26-07-2010,Marco-Michel,2,P,70.88,51.59,118.8,OC,4,OC,O,75,4,2.9871,524,0.0322
5,26-07-2010,Marco-Michel,2,P,69.23,44.37,114.1,OC,5,OC,O,75,5,3.2897,500,0.0314
6,26-07-2010,Marco-Michel,2,P,70.19,47.29,112.4,OC,6,O,O,75,6,3.1777,500,0.0331
7,26-07-2010,Marco-Michel,2,P,75.21,46.67,135.3,OC,7,OC,O,75,7,3.2942,503,0.0305
8,26-07-2010,Marco-Michel,2,P,60.39,39.60,72.7,OC,8,OC,O,75,8,1.9837,550,0.0369
9,26-07-2010,Marco-Michel,2,P,56.19,36.60,59.7,OC,9,O,O,75,9,1.6612,500,0.0314
10,26-07-2010,Marco-Michel,3M,M,66.03,44.84,99.5,OF,10,O,O,75,10,2.5538,500,0.0288
11,26-07-2010,Marco-Michel,2,P,68.01,45.29,98.6,OC,11,O,O,75,11,2.5784,500,0.0325
12,26-07-2010,Marco-Michel,2,P,63.77,44.47,87.3,OC,12,OC,OC,75,12,2.2912,598,0.0341
13,26-07-2010,Marco-Michel,3M,M,56.12,38.61,68.2,OF,13,O,O,75,13,1.7421,534,0.0310
14,26-07-2010,Marco-Michel,2,P,61.48,41.84,74.1,OC,14,O,O,75,14,2.0123,500,0.0321
15,26-07-2010,Marco-Michel,4,M,58.13,39.27,71.6,OF,15,OC,O,75,15,2.9251,500,0.0335
16,26-07-2010,Marco-Michel,2,P,66.73,46.08,103.4,OC,16,OC,O,75,16,2.9263,508,0.0323
17,26-07-2010,Marco-Michel,3M,M,64.19,43.97,91.9,OC,17,O,O,75,17,2.4935,505,0.0317
18,26-07-2010,Marco-Michel,2,P,61.71,40.99,79.5,OC,18,O,O,75,18,2.3210,500,0.0316
19,26-07-2010,Marco-Michel,4,M,62.48,42.16,83.8,OC,19,O,O,75,19,2.4684,519,0.0313
20,26-07-2010,Marco-Michel,2,P,55.11,37.12,60.5,OC,20,O,O,75,20,1.5284,501,0.0293
21,26-07-2010,Marco-Michel,2,P,58.10,39.44,69.7,OC,21,OC,O,75,21,2.0286,517,0.0310
22,26-07-2010,Marco-Michel,3,M,63.88,45.29,92.7,OC,22,OC,O,75,22,2.6006,561,0.0342
23,26-07-2010,Marco-Michel,2,P,57.88,39.09,62.8,OF,23,O,O,75,23,1.5729,521,0.0298
24,26-07-2010,Marco-Michel,2,P,73.38,49.68,119.8,OC,24,O,O,75,24,3.2383,500,0.0308
25,26-07-2010,Marco-Michel,4,M,65.04,44.51,90.8,OC,25,O,O,75,25,2.3209,502,0.0320
26,26-07-2010,Marco-Michel,2,P,56.96,40.92,67.6,OC,26,O,O,75,26,1.9658,500,0.0308
27,26-07-2010,Marco-Michel,2,P,53.96,36.78,55.1,OC,27,O,O,75,27,1.4477,500,0.0311
28,26-07-2010,Marco-Michel,3,M,55.04,38.08,63.9,OC,28,O,O,100,28,1.4549,500,0.0279
29,26-07-2010,Marco-Michel,3,M,60.08,42.24,78.8,OC,29,O,O,100,29,2.0579,515,0.0285
30,26-07-2010,Marco-Michel,3M,M,60.52,41.61,81.6,OC,30,O,O,100,30,1.9800,515,0.0277
31,26-07-2010,Marco-Michel,3,P,60.15,40.97,85.1,OC,31,OC,O,100,31,1.8215,512,0.0346
32,26-07-2010,Marco-Michel,3,P,62.61,43.19,91.3,OC,32,O,O,100,32,2.2656,534,0.0330
33,26-07-2010,Marco-Michel,3,P,63.18,42.98,87.0,OC,33,O,O,75,33,2.0324,500,0.0335
34,26-07-2010,Marco-Michel,2,P,61.01,42.89,83.2,OC,34,O,O,100,34,2.0542,500,0.0329
35,26-07-2010,Marco-Michel,2,P,55.66,37.54,60.3,OF,35,O,O,75,35,1.6070,520,0.0294
36,26-07-2010,Marco-Michel,4,M,66.30,46.22,100.2,OF,36,O,OC,75,36,2.7156,555,0.0316
37,26-07-2010,Marco-Michel,2,P,63.49,44.68,92.5,OF,37,O,O,75,37,2.2664,500,0.0283
38,26-07-2010,Marco-Michel,3M,M,64.09,43.77,100.4,OF,38,O,O,75,38,2.5583,500,0.0321
39,26-07-2010,Marco-Michel,2,P,64.09,44.55,93.9,OF,39,O,O,75,39,2.3529,500,0.0284
40,26-07-2010,Marco-Michel,2,P,67.84,43.98,96.7,OC,40,OC,O,75,40,2.7538,500,0.0291
41,26-07-2010,Marco-Michel,2,P,58.83,39.61,74.0,OF,41,O,O,75,41,1.7953,500,0.0346
42,26-07-2010,Marco-Michel,2,P,64.02,44.00,94.2,OC,42,O,OC,100,42,2.4180,547,0.0312
43,26-07-2010,Marco-Michel,3M,M,55.10,35.72,58.7,OF,43,O,O,75,43,1.5503,507,0.0319
44,26-07-2010,Marco-Michel,2,P,69.65,47.32,117.3,OC,44,O,O,75,44,3.0167,500,0.0350
45,26-07-2010,Marco-Michel,2M,P,59.24,41.70,81.1,OF,45,O,O,75,45,1.8019,500,0.0285
46,26-07-2010,Marco-Michel,2,P,67.59,46.20,106.1,OC,46,O,OC,75,46,2.9321,500,0.0298
47,26-07-2010,Marco-Michel,2,P,63.99,45.65,93.3,OF,47,O,O,75,47,2.6605,532,0.0327
48,26-07-2010,Marco-Michel,2,P,64.71,43.89,97.7,OF,48,OC,O,75,48,2.4732,587,0.0362
49,26-07-2010,Marco-Michel,3,M,59.38,41.60,70.5,OC,49,OC,O,75,49,2.0354,559,0.0320
50,26-07-2010,Marco-Michel,3,P,56.56,39.30,59.2,OF,50,OC,O,50,50,1.6020,519,0.0305
51,26-07-2010,Marco-Michel,2,P,71.73,51.37,137.8,OC,51,OC,O,75,51,3.5375,528,0.0342
52,26-07-2010,Marco-Michel,3,P,57.64,37.22,67.2,OC,52,OC,O,75,52,1.6931,500,0.0326
53,26-07-2010,Marco-Michel,2,P,68.02,46.35,95.9,-,53,-,O,0,53,,,
54,12-08-2010,Marco-Michel,2,P,59.25,40.71,75.2,OF,54,O,O,75,54,1.7070,500,0.0307
55,12-08-2010,Marco-Michel,2,P,48.55,31.56,38.6,OF,55,O,O,50,55,0.9028,500,0.0263
56,12-08-2010,Marco-Michel,2,P,60.27,41.81,73.5,OF,56,OC,O,75,56,1.8835,500,0.0335
57,12-08-2010,Marco-Michel,2,P,54.80,37.40,58.3,OC,57,O,O,75,57,1.5599,500,0.0276
58,12-08-2010,Marco-Michel,2M,M,51.68,35.00,53.6,OF,58,O,O,75,58,1.1475,500,0.0281
59,12-08-2010,Marco-Michel,2M,M,53.51,37.14,58.0,OF,59,O,O,75,59,1.0887,505,0.0289
60,12-08-2010,Marco-Michel,3,M,63.12,41.72,92.2,OC,60,OC,O,75,60,N/A,N/A,N/A
61,12-08-2010,Marco-Michel,2,P,54.73,39.48,59.2,OF,61,O,O,75,61,1.3488,500,0.0257
62,12-08-2010,Marco-Michel,3M,M,44.05,28.50,35.6,OF,62,O,O,50,62,0.7455,550,0.0322
63,12-08-2010,Marco-Michel,3,M,43.07,30.23,23.9,OC,63,O,O,75,63,0.6212,542,0.0284
64,12-08-2010,Marco-Michel,3,M,61.49,45.06,79.2,OC,64,OC,OC,75,64,2.2697,515,0.0312
65,12-08-2010,Marco-Michel,2M,P,45.73,29.08,61.4,OC,65,O,O,75,65,0.6389,549,0.0338
66,12-08-2010,Marco-Michel,2M,P,54.36,35.54,60.6,OF,66,O,O,100,66,1.2899,531,0.0291
67,12-08-2010,Marco-Michel,4,M,42.75,32.78,34.4,OC,67,OC,OC,75,67,1.2742,534,0.0332
68,12-08-2010,Marco-Michel,2M,P,61.85,43.08,89.0,OF,68,O,O,50,68,2.2903,543,0.0310
69,12-08-2010,Marco-Michel,2,M,50.88,34.91,45.5,OC,69,OC,OC,50,69,1.1970,637,0.0366
70,12-08-2010,Marco-Michel,3,M,45.29,29.86,34.1,OC,70,OC,O,75,70,0.7243,567,0.0306
71,12-08-2010,Marco-Michel,2,P,43.69,29.27,31.4,OF,71,O,O,75,71,0.7578,545,0.0339
72,12-08-2010,Marco-Michel,2,P,61.88,43.34,81.7,OC,72,O,O,75,72,2.1050,525,0.0306
73,12-08-2010,Marco-Michel,3M,M,62.10,41.45,84.4,OF,73,O,O,75,73,1.8099,500,0.0298
74,12-08-2010,Marco-Michel,2M,P,45.46,31.39,33.8,OF,74,O,O,75,74,0.7697,532,0.0279
75,12-08-2010,Marco-Michel,2,P,52.99,35.62,51.5,OC,75,OC,O,75,75,1.4129,509,0.0283
76,12-08-2010,Marco-Michel,2M,P,53.26,37.75,52.4,OF,76,O,O,75,76,1.3624,507,0.0286
77,12-08-2010,Marco-Michel,2,P,51.32,34.79,50.3,OC,77,O,O,100,77,1.2632,553,0.0318
78,12-08-2010,Marco-Michel,4,M,45.83,32.19,38.1,OF,78,O,O,100,78,1.3144,500,0.0333
79,12-08-2010,Marco-Michel,2,P,65.70,47.02,109.9,OF,79,OC,O,75,79,2.8260,500,0.0318
80,12-08-2010,Marco-Michel,2M,P,57.17,39.62,64.3,OC,80,OC,O,75,80,1.8306,500,0.0301
81,12-08-2010,Marco-Michel,3M,M,56.43,37.57,73.1,OF,81,OF,O,100,81,1.0605,500,0.0267
82,12-08-2010,Marco-Michel,2,P,43.64,29.39,30.8,OF,82,O,O,75,82,0.6936,500,0.0264
83,12-08-2010,Marco-Michel,2,P,56.71,40.89,72.0,OF,83,O,O,75,83,1.5969,500,0.0285
84,12-08-2010,Marco-Michel,4,M,42.45,29.21,31.1,OF,84,OC,OC,100,84,1.1124,543,0.0347
85,12-08-2010,Marco-Michel,3,M,50.12,35.23,47.8,OC,85,OC,O,75,85,1.0362,500,0.0279
86,12-08-2010,Marco-Michel,2,P,43.27,30.34,26.7,OC,86,OC,O,75,86,0.6622,500,0.0271
87,12-08-2010,Marco-Michel,4,M,50.40,36.45,50.4,OF,87,O,O,100,87,1.3756,527,0.0315
88,12-08-2010,Marco-Michel,2,P,49.37,34.30,42.9,OC,88,OC,O,50,88,0.8331,500,0.0266
89,12-08-2010,Marco-Michel,2M,P,43.17,28.04,29.6,OF,89,O,O,50,89,0.5529,516,0.0269
90,12-08-2010,Marco-Michel,2M,P,53.19,34.86,60.7,OF,90,O,O,75,90,1.2184,500,0.0267
91,12-08-2010,Marco-Michel,3,M,48.23,33.64,38.5,OF,91,OC,OC,75,91,0.9161,515,0.0279
92,12-08-2010,Marco-Michel,3M,M,41.57,28.51,30.8,OC,92,OC,OC,100,92,0.9694,500,0.0314
93,12-08-2010,Marco-Michel,2M,P,43.26,30.39,31.6,OF,93,O,O,75,93,0.7281,529,0.0295
94,12-08-2010,Marco-Michel,3,M,55.64,37.96,67.5,OF,94,O,O,100,94,1.5030,538,0.0297
95,12-08-2010,Marco-Michel,3M,M,49.61,33.14,47.4,OF,95,OC,O,100,95,1.6098,521,0.0326
96,12-08-2010,Marco-Michel,2,P,48.39,34.16,44.2,OC,96,O,O,50,96,0.9189,578,0.0348
97,12-08-2010,Marco-Michel,3,M,57.24,40.19,64.4,OF,97,O,O,75,97,1.3681,500,0.0257
98,12-08-2010,Marco-Michel,2,P,44.35,29.90,32.2,OF,98,O,O,75,98,0.7612,533,0.0301
99,12-08-2010,Marco-Michel,3,M,61.31,41.07,77.6,OC,99,OC,O,50,99,,,
100,12-08-2010,Marco-Michel,2M,P,54.01,36.02,58.3,OF,100,O,O,75,100,1.6226,500,0.0313
101,12-08-2010,Marco-Michel,4,M,57.35,39.55,68.8,OC,101,OC,OC,100,101,2.0851,500,0.0322
102,12-08-2010,Marco-Michel,2,P,56.62,41.33,70.3,OF,102,O,O,75,102,1.7637,500,0.0279
103,12-08-2010,Marco-Michel,3,M,55.33,37.78,59.5,OC,103,O,O,75,103,1.4710,500,0.0271
104,12-08-2010,Marco-Michel,4,M,50.11,34.01,51.3,OF,104,O,O,100,104,1.1470,500,0.0288
105,12-08-2010,Marco-Michel,3,M,49.02,34.72,50.9,OC,105,OC,O,75,105,0.9547,500,0.0265
106,12-08-2010,Marco-Michel,3,M,61.37,42.36,86.1,OC,106,O,O,75,106,2.1258,506,0.0299
107,12-08-2010,Marco-Michel,2,P,42.96,28.09,31.2,OC,107,OC,O,75,107,0.7001,500,0.0288
108,12-08-2010,Marco-Michel,2,P,61.28,43.41,81.9,OF,108,O,O,75,108,2.1182,500,0.0285
109,12-08-2010,Marco-Michel,2,P,52.38,35.23,51.2,OF,109,O,O,75,109,1.1801,500,0.0265
110,12-08-2010,Marco-Michel,3,M,58.29,42.32,60.4,OC,110,OC,BE,75,110,1.8562,500,0.0301
111,12-08-2010,Marco-Michel,3,M,43.14,28.02,29.8,OF,111,OC,O,75,111,0.5946,500,0.0257
112,12-08-2010,Marco-Michel,2M,P,56.56,40.11,70.0,OF,112,O,O,75,112,1.7137,507,0.0273
113,12-08-2010,Marco-Michel,3,M,45.02,33.31,33.7,OC,113,O,O,75,113,0.8528,510,0.0282
114,12-08-2010,Marco-Michel,2M,P,63.47,46.44,86.3,OF,114,OF,O,75,114,2.1337,500,0.0294
115,12-08-2010,Marco-Michel,3,M,61.71,44.42,81.8,OC,115,OC,O,75,115,2.1960,500,0.0310
116,12-08-2010,Marco-Michel,3,M,57.34,40.05,65.0,OF,116,OC,O,75,116,1.8142,500,0.0309
117,12-08-2010,Marco-Michel,3M,M,43.51,29.48,32.4,OF,117,OC,O,100,117,1.0146,500,0.0312
118,12-08-2010,Marco-Michel,3,M,49.00,32.43,45.0,OF,118,OF,O,100,118,0.8985,580,0.0316
119,12-08-2010,Marco-Michel,4,M,48.23,34.26,44.6,OF,119,O,O,100,119,1.4832,500,0.0291
120,12-08-2010,Marco-Michel,3,M,53.07,37.86,56.9,OC,120,O,O,75,120,1.4707,500,0.0285
121,12-08-2010,Marco-Michel,2,P,62.48,42.39,78.7,OF,121,O,O,75,121,2.4056,500,0.0286
122,12-08-2010,Marco-Michel,2M,P,43.43,28.65,31.5,OF,122,O,O,100,122,0.7263,500,0.0268
123,12-08-2010,Marco-Michel,3M,M,47.08,32.96,37.6,OF,123,OC,OC,100,123,1.1255,516,0.0321
124,12-08-2010,Marco-Michel,2,P,59.44,40.59,76.5,OF,124,O,O,75,124,1.6506,563,0.0340
125,12-08-2010,Marco-Michel,3,M,55.84,40.35,66.5,OC,125,OC,O,100,125,1.4555,500,0.0301
126,12-08-2010,Marco-Michel,3,M,51.38,36.33,54.9,OF,126,OC,O,75,126,1.3512,500,0.0308
127,12-08-2010,Marco-Michel,3,M,53.48,37.31,53.8,OC,127,OC,O,75,127,1.4896,502,0.0299
128,12-08-2010,Marco-Michel,4,M,59.87,41.05,82.8,OF,128,OC,O,75,128,3.2932,500,0.0352
129,12-08-2010,Marco-Michel,2,P,46.55,31.58,36.2,OF,129,O,O,75,129,0.7973,500,0.0275
130,12-08-2010,Marco-Michel,3,M,45.88,32.02,34.5,OC,130,OC,OC,50,130,0.8852,500,0.0281
131,12-08-2010,Marco-Michel,2M,P,52.44,35.13,52.2,OF,131,O,O,50,131,1.0448,500,0.0276
132,12-08-2010,Marco-Michel,3M,M,45.39,30.97,33.7,OC,132,OC,OC,75,132,1.2831,500,0.0330
133,12-08-2010,Marco-Michel,2,P,56.35,37.32,55.3,OC,133,O,OC,75,133,1.2976,500,0.0264
134,12-08-2010,Marco-Michel,2,P,41.91,28.53,25.9,OC,134,OC,O,50,134,0.6223,500,0.0259
135,12-08-2010,Marco-Michel,2M,P,42.20,28.44,28.1,OF,135,O,O,75,135,0.5594,500,0.0257
136,12-08-2010,Marco-Michel,3,M,56.06,39.00,64.7,OF,136,O,O,75,136,1.8998,500,0.0296
137,12-08-2010,Marco-Michel,3,M,45.54,31.40,34.8,OC,137,OC,O,75,137,0.7760,500,0.0285
138,12-08-2010,Marco-Michel,2,P,47.35,32.69,36.6,OF,138,O,O,75,138,0.9327,533,0.0313
139,12-08-2010,Marco-Michel,3,M,54.46,37.56,55.7,OC,139,OC,O,100,139,1.3693,500,0.0295
140,12-08-2010,Marco-Michel,2M,P,43.69,29.07,30.2,OF,140,O,O,75,140,0.6563,500,0.0277
141,12-08-2010,Marco-Michel,2,P,50.76,34.49,43.4,OF,141,OC,O,75,141,1.0824,525,0.0300
142,12-08-2010,Marco-Michel,2M,P,46.25,30.33,32.9,OF,142,O,O,75,142,0.5633,500,0.0244
143,12-08-2010,Marco-Michel,2,P,42.49,27.05,27.8,OF,143,O,O,75,143,0.6051,507,0.0270
144,12-08-2010,Marco-Michel,2M,P,59.06,41.77,75.4,OF,144,OF,O,75,144,1.7912,500,0.0290
145,12-08-2010,Marco-Michel,4,M,57.98,39.95,78.0,OC,145,OC,O,100,145,2.9314,572,0.0338
146,12-08-2010,Marco-Michel,3,M,57.88,39.19,65.2,OF,146,OC,O,75,146,1.8391,546,0.0300
147,12-08-2010,Marco-Michel,3M,M,62.25,41.90,82.6,OF,147,OC,O,75,147,2.0756,510,0.0310
148,12-08-2010,Marco-Michel,2,P,58.94,39.81,68.0,OF,148,OC,O,75,148,1.8435,500,0.0316
149,12-08-2010,Marco-Michel,2M,P,59.63,39.29,71.8,OC,149,OC,O,75,149,1.9184,500,0.0327
150,12-08-2010,Marco-Michel,4,M,67.40,43.20,114.6,OF,150,OC,O,100,150,4.5760,500,0.0362
151,12-08-2010,Marco-Michel,3M,M,54.95,38.68,62.0,OF,151,OC,O,75,151,2.2010,500,0.0293
152,12-08-2010,Marco-Michel,3,M,65.23,45.83,91.9,OF,152,OC,O,75,152,2.6287,500,0.0309
153,12-08-2010,Marco-Michel,3M,M,58.41,42.03,72.4,OF,153,OC,O,75,153,2.6185,500,0.0299
154,12-08-2010,Marco-Michel,3M,M,63.38,44.62,83.7,OF,154,OC,O,100,154,3.0494,500,0.0278
155,12-08-2010,Marco-Michel,3M,M,54.16,36.44,54.7,OF,155,O,O,75,155,1.3425,500,0.0269
156,12-08-2010,Marco-Michel,3M,M,67.34,44.94,109.4,OF,156,O,O,100,156,2.8840,502,0.0317
157,12-08-2010,Marco-Michel,2,P,57.29,39.47,61.0,OF,157,O,O,75,157,1.8406,545,0.0333
158,12-08-2010,Marco-Michel,3,M,46.55,28.88,35.2,OF,158,O,O,75,158,0.9096,500,0.0294
159,12-08-2010,Marco-Michel,2M,P,52.42,36.53,55.8,OF,159,O,O,75,159,1.2277,513,0.0293
160,12-08-2010,Marco-Michel,3,M,64.34,45.64,87.4,OF,160,O,O,75,160,2.3220,500,0.0317
161,12-08-2010,Marco-Michel,2M,P,62.92,44.33,90.0,OF,161,O,O,75,161,1.9597,500,0.0284
162,12-08-2010,Marco-Michel,3,M,65.00,41.48,92.3,OF,162,O,O,75,162,1.7294,500,0.0280
163,12-08-2010,Marco-Michel,3M,M,57.38,37.93,68.4,OF,163,OC,O,75,163,2.6545,532,0.0334
164,12-08-2010,Marco-Michel,2M,P,54.22,36.61,55.1,OF,164,O,O,75,164,1.3406,500,0.0270
165,12-08-2010,Marco-Michel,3M,M,59.06,43.91,77.6,OF,165,OC,O,75,165,2.7718,500,0.0287
166,12-08-2010,Marco-Michel,2,P,54.07,36.19,51.9,OF,166,O,O,50,166,1.3260,500,0.0309
167,12-08-2010,Marco-Michel,4,M,60.59,40.36,79.7,OF,167,OC,O,100,167,,,
168,12-08-2010,Marco-Michel,2M,P,58.75,40.60,77.3,OF,168,OF,O,75,168,1.6720,500,0.0295
169,12-08-2010,Marco-Michel,3,M,55.10,37.67,59.8,OF,169,OC,O,75,169,1.3874,500,0.0276
170,12-08-2010,Marco-Michel,2M,P,57.05,40.56,68.0,OF,170,O,O,75,170,1.6115,500,0.0305
171,12-08-2010,Marco-Michel,3,M,48.90,34.45,34.6,OF,171,O,O,50,171,0.7737,500,0.0269
172,12-08-2010,Marco-Michel,3M,M,60.20,44.93,83.3,OF,172,O,O,75,172,N/A,N/A,N/A
173,12-08-2010,Marco-Michel,2M,P,56.70,38.20,61.5,OF,173,O,O,75,173,1.5381,500,0.0294
174,12-08-2010,Marco-Michel,3M,M,60.48,41.58,80.3,OF,174,OC,O,100,174,3.2031,526,0.0322
175,12-08-2010,Marco-Michel,2M,P,57.27,39.53,68.6,OF,175,OF,O,75,175,1.5392,510,0.0270
176,12-08-2010,Marco-Michel,3M,M,57.80,39.04,69.2,OF,176,O,O,75,176,1.6541,500,0.0256
177,12-08-2010,Marco-Michel,3,M,54.28,36.38,55.1,OF,177,O,O,75,177,1.4205,500,0.0278
178,12-08-2010,Marco-Michel,2M,P,61.96,41.15,78.0,OF,178,O,O,75,178,1.9554,527,0.0376
179,12-08-2010,Marco-Michel,2,P,62.16,43.87,82.0,OF,179,OC,O,75,179,2.1255,500,0.0332
180,12-08-2010,Marco-Michel,3,M,64.92,44.20,87.5,OF,180,OC,O,50,180,2.2373,527,0.0312
181,12-08-2010,Marco-Michel,3,M,59.34,42.11,81.9,OF,181,O,O,75,181,1.8246,500,0.0299
182,12-08-2010,Marco-Michel,3,M,49.99,31.85,36.0,OF,182,OC,OC,75,182,0.7812,500,0.0268
183,12-08-2010,Marco-Michel,2,P,67.53,43.03,101.7,OF,183,O,O,75,183,2.7728,500,0.0312
184,12-08-2010,Marco-Michel,3M,M,65.08,43.94,107.9,OF,184,O,O,75,184,2.2150,500,0.0297
185,12-08-2010,Marco-Michel,3M,M,53.30,35.12,52.1,OF,185,O,O,75,185,1.2403,539,0.0314
186,12-08-2010,Marco-Michel,2M,P,52.19,34.45,48.2,OF,186,OC,O,50,186,1.3248,500,0.0285
187,12-08-2010,Marco-Michel,2,P,59.02,38.64,66.0,OF,187,OC,O,75,187,1.6444,500,0.0294
188,12-08-2010,Marco-Michel,4,M,51.39,34.53,52.5,OF,188,OC,O,75,188,1.9327,500,0.0324
189,12-08-2010,Marco-Michel,2,P,46.88,31.79,36.3,OF,189,OC,O,75,189,0.8380,500,0.0296
190,12-08-2010,Marco-Michel,3,M,44.67,28.97,28.6,OF,190,OC,BE,50,190,0.4686,534,0.0248
191,12-08-2010,Marco-Michel,3M,M,62.00,43.50,82.0,OF,191,O,O,75,191,2.1561,500,0.0299
192,12-08-2010,Marco-Michel,3,M,54.04,38.13,56.7,OF,192,OC,O,75,192,1.4360,500,0.0299
193,12-08-2010,Marco-Michel,3M,M,61.81,41.42,81.7,OF,193,OC,O,75,193,2.9029,500,0.0296
194,12-08-2010,Marco-Michel,3,M,66.39,47.33,93.7,OF,194,OC,O,75,194,2.7782,500,0.0318
195,12-08-2010,Marco-Michel,3,M,55.59,40.33,62.3,OF,195,O,O,75,195,1.5396,500,0.0314
196,12-08-2010,Marco-Michel,2,P,53.34,36.50,56.5,OF,196,O,O,75,196,1.5589,500,0.0273
197,12-08-2010,Marco-Michel,3,M,63.71,45.84,98.3,OF,197,O,O,75,197,2.3754,550,0.0338
198,12-08-2010,Marco-Michel,3,M,48.42,30.84,34.9,OF,198,O,O,75,198,0.8955,500,0.0288
199,12-08-2010,Marco-Michel,3,M,52.04,34.14,47.6,OF,199,OC,O,75,199,1.2727,500,0.0281
200,12-08-2010,Marco-Michel,3,M,52.49,35.64,53.6,OF,200,O,O,75,200,1.3881,500,0.0282
201,12-08-2010,Marco-Michel,3,M,63.98,43.41,84.4,OF,201,OC,O,75,201,2.1945,519,0.0317
202,12-08-2010,Marco-Michel,3,M,55.08,37.38,60.3,OF,202,OC,O,75,202,1.4863,500,0.0315
203,12-08-2010,Marco-Michel,3,M,47.26,33.29,42.3,OF,203,O,O,75,203,1.0124,500,0.0297
204,12-08-2010,Marco-Michel,2,P,61.74,42.13,72.6,OF,204,OC,O,75,204,2.0222,500,0.0296
205,12-08-2010,Marco-Michel,3M,M,60.39,41.76,82.1,OF,205,OC,O,100,205,N/A,N/A,N/A
206,12-08-2010,Marco-Michel,3,M,51.37,34.02,47.6,OF,206,OF,O,75,206,1.1655,503,0.0297
207,12-08-2010,Marco-Michel,3,M,50.80,33.91,47.6,OF,207,O,O,75,207,1.2344,500,0.0321
208,12-08-2010,Marco-Michel,3,M,46.83,31.43,38.4,OF,208,O,O,100,208,1.0125,500,0.0275
209,12-08-2010,Marco-Michel,3,M,41.96,28.49,29.9,OF,209,OC,O,75,209,0.7705,500,0.0278
210,12-08-2010,Marco-Michel,2,P,48.66,31.04,38.7,OF,210,OC,O,75,210,1.1996,572,0.0338
211,12-08-2010,Marco-Michel,2,P,51.88,34.26,50.7,OF,211,OC,O,75,211,1.2285,537,0.0314
212,12-08-2010,Marco-Michel,2,P,56.50,38.80,56.9,OF,212,OC,O,75,212,1.5849,500,0.0306
213,12-08-2010,Marco-Michel,2,P,45.13,30.23,29.8,OF,213,OC,O,75,213,0.6814,561,0.0307
214,12-08-2010,Marco-Michel,3,P,57.91,38.47,65.8,OF,214,O,O,75,214,1.4185,522,0.0323
215,12-08-2010,Marco-Michel,3,M,46.60,32.08,41.4,OF,215,O,O,75,215,0.9986,500,0.0270
216,12-08-2010,Marco-Michel,3,M,54.65,37.10,55.0,OF,216,O,O,75,216,1.3820,540,0.0306
217,19-08-2010,Marco-Michel,3M,M,52.42,33.35,59.4,OC,217,O,O,100,217,1.1907,500,0.0293
218,19-08-2010,Marco-Michel,4,M,73.60,49.65,154.3,OF,218,O,O,100,218,3.7885,500,0.0289
219,19-08-2010,Marco-Michel,3M,M,60.35,42.46,89.9,OF,219,O,O,100,219,1.9718,548,0.0312
220,19-08-2010,Marco-Michel,3,M,59.10,39.97,78.3,OF,220,O,O,100,220,1.9342,501,0.0309
221,19-08-2010,Marco-Michel,3M,M,67.80,46.88,120.2,OF,221,O,O,100,221,3.0066,504,0.0290
222,19-08-2010,Marco-Michel,3M,M,61.76,43.87,97.1,OF,222,O,O,100,222,2.0921,500,0.0291
223,19-08-2010,Marco-Michel,4,M,65.67,45.19,124.8,OF,223,OC,O,100,223,4.2252,515,0.0315
224,19-08-2010,Marco-Michel,3M,M,60.22,40.64,83.9,OF,224,O,O,75,224,1.7056,500,0.0279
225,19-08-2010,Marco-Michel,3M,M,70.33,50.05,148.6,OF,225,O,O,100,225,2.7834,500,0.0307
226,19-08-2010,Marco-Michel,4,M,66.08,45.34,122.3,OF,226,OC,O,100,226,3.7666,500,0.0323
227,19-08-2010,Marco-Michel,3M,M,63.09,44.55,87.3,OC,227,O,O,75,227,N/A,N/A,N/A
228,19-08-2010,Marco-Michel,3,M,56.98,40.02,74.9,OF,228,O,O,75,228,1.4007,500,0.0285
229,19-08-2010,Marco-Michel,3M,M,61.74,45.87,108.2,OF,229,O,O,100,229,2.0572,500,0.0275
230,19-08-2010,Marco-Michel,4,M,54.88,39.96,73.7,OC,230,OC,OC,100,230,2.5485,500,0.0304
231,19-08-2010,Marco-Michel,4,M,67.94,48.22,123.6,OF,231,OC,O,100,231,3.9253,510,0.0285
232,19-08-2010,Marco-Michel,3M,M,59.89,40.68,74.9,OF,232,O,O,75,232,1.7023,500,0.0278
233,19-08-2010,Marco-Michel,3M,M,61.25,40.31,86.3,OF,233,O,O,75,233,1.1448,502,0.0316
234,19-08-2010,Marco-Michel,3M,M,54.35,39.35,64.9,OF,234,O,O,75,234,1.3768,580,0.0325
235,19-08-2010,Marco-Michel,4,M,74.59,49.22,176.7,OF,235,O,O,100,235,4.7772,500,0.0307
236,19-08-2010,Marco-Michel,4,M,78.42,53.77,193.1,OF,236,OC,O,100,236,6.3148,534,0.0343
237,19-08-2010,Marco-Michel,3M,M,76.11,54.19,168.5,OF,237,O,O,100,237,4.5227,500,0.0329
238,19-08-2010,Marco-Michel,4,M,66.82,46.56,123.9,OF,238,O,O,100,238,4.1844,517,0.0338
239,19-08-2010,Marco-Michel,3M,M,69.85,51.17,140.0,OC,239,O,O,100,239,2.7374,500,0.0291
240,19-08-2010,Marco-Michel,3M,M,55.87,39.15,67.7,OF,240,O,O,100,240,1.5017,501,0.0293
241,19-08-2010,Marco-Michel,4,M,62.65,42.65,118.7,OF,241,OC,O,100,241,3.6164,500,0.0313
242,19-08-2010,Marco-Michel,4,M,63.33,45.05,113.3,OF,242,OC,O,100,242,3.7251,500,0.0315
243,19-08-2010,Marco-Michel,3M,M,54.45,38.38,66.2,OF,243,O,O,75,243,1.2087,503,0.0291
244,19-08-2010,Marco-Michel,4,M,73.22,51.46,165.0,OF,244,O,O,100,244,4.2420,500,0.0294
245,19-08-2010,Marco-Michel,3M,M,51.84,36.88,51.9,OF,245,O,O,100,245,0.8733,507,0.0238
246,19-08-2010,Marco-Michel,4,M,77.19,57.85,209.5,OC,246,O,O,100,246,5.5686,543,0.0334
247,19-08-2010,Marco-Michel,4,M,59.86,43.66,97.7,OF,247,O,OC,100,247,2.7287,511,0.0338
248,19-08-2010,Marco-Michel,4,M,57.40,39.91,83.0,OF,248,O,O,100,248,2.1162,500,0.0267
249,19-08-2010,Marco-Michel,4,M,66.63,48.45,139.0,OF,249,O,O,100,249,3.6493,538,0.0328
250,19-08-2010,Marco-Michel,4,M,56.37,40.30,75.7,OF,250,O,O,100,250,2.1707,500,0.0262
251,19-08-2010,Marco-Michel,3M,M,74.64,53.71,166.0,OC,251,O,O,100,251,4.0666,512,0.0290
252,19-08-2010,Marco-Michel,4,M,67.89,49.35,140.6,OC,252,OC,O,100,252,3.8755,500,0.0317
253,19-08-2010,Marco-Michel,4,M,71.10,50.73,142.5,OC,253,O,O,100,253,4.5081,500,0.0311
254,19-08-2010,Marco-Michel,3,M,65.99,43.83,109.2,OC,254,O,O,100,254,2.5821,500,0.0297
255,19-08-2010,Marco-Michel,2,P,72.35,50.64,144.8,OC,255,O,O,100,255,3.3087,616,0.0374
256,19-08-2010,Marco-Michel,2,P,76.45,52.01,159.2,OC,256,OC,O,100,256,4.2238,500,0.0305
257,19-08-2010,Marco-Michel,3M,M,72.38,48.62,143.8,OC,257,O,O,75,257,2.8628,585,0.0400
258,19-08-2010,Marco-Michel,2,P,77.46,54.01,161.4,OC,258,OC,O,75,258,4.0155,513,0.0303
259,19-08-2010,Marco-Michel,3M,M,73.10,48.34,136.5,OC,259,OC,O,75,259,3.6275,558,0.0298
260,19-08-2010,Marco-Michel,3,M,61.15,40.73,90.1,OC,260,O,O,100,260,1.8879,525,0.0266
261,19-08-2010,Marco-Michel,3,M,67.38,46.74,116.3,OF,261,O,O,100,261,3.0579,585,0.0333
262,19-08-2010,Marco-Michel,3,M,71.69,48.30,140.0,OC,262,O,O,100,262,3.4649,595,0.0377
263,19-08-2010,Marco-Michel,3,M,66.29,44.71,112.6,OC,263,O,O,100,263,2.8139,516,0.0275
264,19-08-2010,Marco-Michel,3,M,66.72,43.72,112.1,OC,264,OC,O,100,264,2.3754,558,0.0307
265,19-08-2010,Marco-Michel,2,P,69.37,46.54,134.0,OC,265,OC,O,100,265,2.7209,512,0.0310
266,19-08-2010,Marco-Michel,2,P,64.70,44.52,89.5,OC,266,O,O,100,266,1.9787,502,0.0290
267,19-08-2010,Marco-Michel,3,M,64.78,46.78,114.7,OF,267,O,O,100,267,2.2734,522,0.0315
268,19-08-2010,Marco-Michel,3,M,68.23,47.07,114.1,OC,268,OC,O,75,268,3.0737,506,0.0313
269,19-08-2010,Marco-Michel,3,M,63.01,40.84,88.1,OC,269,O,O,100,269,2.0077,525,0.0309
270,19-08-2010,Marco-Michel,4,M,65.03,44.44,108.3,OF,270,OC,O,100,270,4.1325,561,0.0338
271,19-08-2010,Marco-Michel,3M,M,60.68,44.67,89.3,OC,271,O,O,100,271,1.7228,538,0.0335
272,19-08-2010,Marco-Michel,3M,M,70.33,47.19,121.5,OF,272,O,O,100,272,2.6611,516,0.0305
273,19-08-2010,Marco-Michel,3,M,66.29,47.58,105.6,OC,273,O,O,75,273,2.5730,597,0.0364
274,19-08-2010,Marco-Michel,3,M,66.43,47.50,108.7,OF,274,O,O,75,274,2.2680,553,0.0308
275,19-08-2010,Marco-Michel,2,P,51.03,33.75,43.2,OC,275,O,O,75,275,1.0699,500,0.0262
276,19-08-2010,Marco-Michel,4,M,54.18,37.61,63.0,OF,276,O,O,100,276,2.2258,595,0.0369
277,19-08-2010,Marco-Michel,4,M,61.61,43.99,100.2,OF,277,O,O,100,277,2.7124,538,0.0297
278,19-08-2010,Marco-Michel,4,M,61.38,43.99,101.6,OC,278,OC,O,100,278,3.5407,500,0.0347
279,19-08-2010,Marco-Michel,3,M,67.76,49.21,111.3,OC,279,O,O,75,279,2.8380,500,0.0298
280,19-08-2010,Marco-Michel,3,M,67.14,46.76,103.4,OC,280,O,O,100,280,2.5922,547,0.0320
281,19-08-2010,Marco-Michel,4,M,58.48,43.00,77.8,OF,281,O,O,100,281,2.5433,540,0.0360
282,19-08-2010,Marco-Michel,3,M,74.14,49.86,129.8,OC,282,O,O,75,282,2.8430,500,0.0299
283,19-08-2010,Marco-Michel,4,M,67.58,47.02,120.3,OF,283,O,O,100,283,3.6811,500,0.0314
284,19-08-2010,Marco-Michel,3M,M,61.15,43.84,83.2,OC,284,O,O,75,284,1.9643,541,0.0313
285,19-08-2010,Marco-Michel,4,M,73.61,53.10,146.4,OF,285,O,O,100,285,4.4495,500,0.0318
286,19-08-2010,Marco-Michel,4,M,72.65,51.64,150.9,OF,286,OC,O,100,286,5.7250,504,0.0370
287,19-08-2010,Marco-Michel,4,M,54.12,35.53,61.3,OC,287,OC,O,100,287,2.3928,507,0.0334
288,19-08-2010,Marco-Michel,3,M,60.53,41.74,79.8,OC,288,O,O,75,288,1.9785,660,0.0371
289,19-08-2010,Marco-Michel,4,M,67.60,46.78,120.3,OF,289,O,O,100,289,3.6358,501,0.0294
290,19-08-2010,Marco-Michel,3,M,65.13,45.31,95.6,OC,290,O,O,75,290,2.5285,504,0.0289
291,19-08-2010,Marco-Michel,4,M,55.60,39.36,68.2,OC,291,O,O,100,291,2.4523,507,0.0313
292,19-08-2010,Marco-Michel,4,M,57.98,39.41,73.6,OF,292,OC,O,100,292,2.4971,500,0.0322
293,19-08-2010,Marco-Michel,3,M,63.97,43.72,93.3,OC,293,O,O,75,293,2.4983,500,0.0297
294,19-08-2010,Marco-Michel,2,P,57.39,39.11,64.9,OC,294,O,O,75,294,1.5138,500,0.0289
295,19-08-2010,Marco-Michel,2,P,61.63,40.73,75.9,OF,295,O,O,50,295,2.1753,578,0.0323
296,19-08-2010,Marco-Michel,3,M,60.09,40.49,77.8,OC,296,O,O,75,296,1.9830,518,0.0320
297,19-08-2010,Marco-Michel,2,M,67.88,44.72,105.7,OC,297,O,O,100,297,3.2030,603,0.0375
298,19-08-2010,Marco-Michel,4,M,63.96,45.43,102.0,OC,298,OC,O,100,298,4.0142,532,0.0347
299,19-08-2010,Marco-Michel,4,M,84.67,58.77,236.2,OF,299,O,O,100,299,7.9028,500,0.0332
300,19-08-2010,Marco-Michel,2,P,57.04,40.09,61.1,OC,300,OC,O,50,300,1.5947,500,0.0271
301,19-08-2010,Marco-Michel,3,M,62.07,45.01,87.2,OC,301,O,O,75,301,2.1418,525,0.0288
302,19-08-2010,Marco-Michel,3,M,66.28,45.47,99.2,OC,302,O,O,100,302,2.4656,568,0.0317
303,19-08-2010,Marco-Michel,3,M,68.45,48.48,109.7,OF,303,O,O,75,303,1.8862,515,0.0295
304,19-08-2010,Marco-Michel,2,P,60.13,40.26,74.1,OC,304,O,O,75,304,1.6689,540,0.0281
305,19-08-2010,Marco-Michel,2,P,57.06,39.44,65.0,OF,305,-,O,75,305,,,
306,19-08-2010,Marco-Michel,3,M,67.33,46.53,92.4,OF,306,O,O,75,306,2.5535,534,0.0320
307,19-08-2010,Marco-Michel,2,P,65.96,45.43,100.9,OC,307,O,O,100,307,2.6813,500,0.0289
308,19-08-2010,Marco-Michel,2,P,64.86,45.17,90.9,OC,308,OC,OC,50,308,2.1173,576,0.0326
309,19-08-2010,Marco-Michel,3,M,54.82,35.55,58.5,OC,309,O,O,75,309,1.2055,571,0.0307
310,19-08-2010,Marco-Michel,3,M,57.56,40.07,62.9,OC,310,OC,OC,75,310,1.5772,545,0.0338
311,19-08-2010,Marco-Michel,3,M,64.74,44.28,91.8,OF,311,O,O,100,311,2.6524,501,0.0333
312,19-08-2010,Marco-Michel,2,P,48.24,34.11,37.5,OC,312,O,O,50,312,0.7378,502,0.0252
313,19-08-2010,Marco-Michel,4,M,62.01,43.70,104.5,OC,313,OC,OC,100,313,3.5165,500,0.0333
314,19-08-2010,Marco-Michel,4,M,54.00,35.42,69.8,OC,314,OC,O,100,314,2.2586,500,0.0310
315,19-08-2010,Marco-Michel,3M,M,59.23,40.87,75.6,OF,315,O,O,75,315,1.9938,511,0.0308
316,19-08-2010,Marco-Michel,3,M,62.38,39.77,82.0,OC,316,OC,O,50,316,2.0079,542,0.0315
317,19-08-2010,Marco-Michel,2,P,67.37,42.59,101.4,OC,317,OC,O,75,317,2.6641,538,0.0329
318,19-08-2010,Marco-Michel,2,P,59.36,40.66,72.0,OF,318,O,O,75,318,1.7337,500,0.0276
319,19-08-2010,Marco-Michel,4,M,75.78,51.58,166.9,OF,319,O,O,100,319,3.3474,500,0.0300
320,19-08-2010,Marco-Michel,2,P,58.51,40.52,70.0,OC,320,O,O,75,320,2.0170,500,0.0311
321,19-08-2010,Marco-Michel,2,P,62.86,43.79,83.8,OF,321,O,O,75,321,2.1859,513,0.0304
322,19-08-2010,Marco-Michel,3,M,57.89,39.97,67.2,OC,322,O,O,75,322,N/A,N/A,N/A
323,19-08-2010,Marco-Michel,3M,M,60.03,40.39,76.2,OF,323,O,O,75,323,1.5921,503,0.0272
324,19-08-2010,Marco-Michel,4,M,57.59,38.89,78.5,OC,324,O,O,100,324,2.4064,500,0.0325
325,19-08-2010,Marco-Michel,4,M,72.43,50.11,143.2,OF,325,O,O,100,325,4.0651,523,0.0342
326,19-08-2010,Marco-Michel,3,M,54.54,37.30,54.7,OF,326,O,O,75,326,1.1821,500,0.0280
327,19-08-2010,Marco-Michel,2,P,55.82,38.34,59.0,OF,327,O,O,75,327,1.4244,519,0.0292
328,19-08-2010,Marco-Michel,3M,M,59.68,42.10,76.9,OF,328,O,O,75,328,1.7677,544,0.0322
329,19-08-2010,Marco-Michel,3,M,53.64,37.23,53.8,OC,329,OC,O,75,329,1.2994,516,0.0283
330,19-08-2010,Marco-Michel,3,M,58.68,41.77,78.7,OC,330,O,O,75,330,1.7622,606,0.0330
331,19-08-2010,Marco-Michel,3,M,55.97,38.42,62.4,OC,331,O,O,75,331,1.6948,504,0.0289
332,19-08-2010,Marco-Michel,2,P,52.20,36.74,49.3,OC,332,O,O,75,332,1.2084,605,0.0335
333,19-08-2010,Marco-Michel,3,M,58.75,40.20,63.6,OF,333,O,O,75,333,1.5497,502,0.0266
334,19-08-2010,Marco-Michel,3,M,63.25,43.46,84.9,OF,334,O,O,75,334,1.7978,597,0.0344
335,19-08-2010,Marco-Michel,2,P,48.12,32.16,38.9,OC,335,OC,OC,75,335,0.8279,500,0.0278
336,19-08-2010,Marco-Michel,3,M,59.39,40.49,64.6,OC,336,OC,BE,75,336,1.9478,532,0.0308
337,19-08-2010,Marco-Michel,3,M,46.97,30.78,34.5,OF,337,O,O,50,337,0.8050,500,0.0281
338,19-08-2010,Marco-Michel,3,M,48.80,33.01,41.2,OF,338,O,O,50,338,0.9447,563,0.0314
339,19-08-2010,Marco-Michel,3,M,58.11,38.32,65.0,OF,339,O,O,75,339,1.7141,582,0.0319
340,19-08-2010,Marco-Michel,5,M,80.51,56.68,182.9,OF,340,OC,OC,100,340,5.4946,500,0.0338
341,19-08-2010,Marco-Michel,4,M,73.09,52.72,156.3,OF,341,O,O,75,341,3.8079,525,0.0300
342,19-08-2010,Marco-Michel,3,M,68.66,46.49,110.4,OC,342,O,O,75,342,2.8882,525,0.0306
343,19-08-2010,Marco-Michel,3,M,68.70,47.44,104.8,OC,343,O,O,75,343,2.8466,500,0.0311
344,19-08-2010,Marco-Michel,4,M,81.14,56.21,200.2,OF,344,O,O,100,344,5.3955,519,0.0332
345,19-08-2010,Marco-Michel,3,M,75.92,49.65,147.6,OF,345,O,O,75,345,4.0184,534,0.0340
346,19-08-2010,Marco-Michel,3,M,69.15,45.28,113.9,OF,346,O,O,75,346,2.7438,512,0.0332
347,19-08-2010,Marco-Michel,4,M,75.41,52.77,148.1,OC,347,OC,OC,100,347,5.4708,500,0.0325
348,19-08-2010,Marco-Michel,5,M,72.32,51.33,144.6,OF,348,O,O,100,348,3.7508,512,0.0296
349,19-08-2010,Marco-Michel,4,M,65.34,45.32,102.4,OC,349,OC,O,100,349,4.0268,538,0.0372
350,19-08-2010,Marco-Michel,3,M,70.13,48.93,113.5,OC,350,OC,OC,75,350,2.8724,708,0.0402
351,19-08-2010,Marco-Michel,3,M,61.35,41.88,81.4,OF,351,O,O,100,351,1.9758,507,0.0300
352,19-08-2010,Marco-Michel,3,M,74.14,50.21,135.1,OC,352,O,O,75,352,3.1820,524,0.0325
353,19-08-2010,Marco-Michel,3,M,64.48,44.46,86.8,OF,353,O,O,75,353,2.5119,514,0.0296
354,19-08-2010,Marco-Michel,3,M,72.67,50.23,131.4,OF,354,O,O,75,354,3.6575,548,0.0321
355,19-08-2010,Marco-Michel,4,M,72.99,50.37,145.0,OF,355,OC,O,100,355,5.8021,501,0.0331
356,19-08-2010,Marco-Michel,4,M,70.10,47.86,139.4,OF,356,O,O,100,356,4.6387,500,0.0333
357,19-08-2010,Marco-Michel,3,M,59.63,41.88,73.0,OC,357,O,OC,75,357,1.6389,556,0.0336
358,19-08-2010,Marco-Michel,4,M,69.77,49.04,124.5,OC,358,OC,O,100,358,4.5392,570,0.0352
359,19-08-2010,Marco-Michel,3,M,70.47,48.35,118.0,OF,359,O,O,75,359,2.9653,567,0.0336
360,19-08-2010,Marco-Michel,4,M,80.06,54.97,184.4,OF,360,O,O,75,360,4.9549,500,0.0348
361,19-08-2010,Marco-Michel,4,M,74.99,53.15,156.8,OC,361,OC,O,100,361,5.7743,546,0.0370
362,19-08-2010,Marco-Michel,4,M,53.03,37.07,60.7,OF,362,OC,O,75,362,1.9081,500,0.0300
363,19-08-2010,Marco-Michel,4,M,53.37,39.57,60.4,OF,363,OC,O,100,363,2.4946,600,0.0403
364,19-08-2010,Marco-Michel,5,M,74.02,49.54,157.2,OF,364,OC,OC,75,364,4.1145,501,0.0334
365,19-08-2010,Marco-Michel,5,M,53.75,37.95,70.0,OF,365,OC,OC,75,365,1.4565,501,0.0321
366,19-08-2010,Marco-Michel,4,M,69.21,46.52,136.0,OF,366,OC,O,100,366,3.8263,534,0.0294
367,19-08-2010,Marco-Michel,2,P,70.26,46.07,120.8,OC,367,O,O,75,367,3.0734,629,0.0404
368,19-08-2010,Marco-Michel,3,M,66.52,45.45,101.3,OF,368,O,O,75,368,3.0004,500,0.0312
369,19-08-2010,Marco-Michel,3M,M,66.74,47.13,107.1,OF,369,O,O,75,369,2.2967,500,0.0288
370,19-08-2010,Marco-Michel,4,M,67.47,46.78,122.4,OC,370,OC,O,100,370,4.6662,500,0.0314
371,19-08-2010,Marco-Michel,3,M,71.40,48.45,120.8,OC,371,OC,OC,75,371,3.1362,587,0.0344
372,19-08-2010,Marco-Michel,4,M,51.44,36.13,56.5,OF,372,O,O,100,372,2.0654,500,0.0308
373,19-08-2010,Marco-Michel,4,M,59.07,40.30,77.5,OC,373,OC,O,100,373,2.4691,571,0.0339
374,19-08-2010,Marco-Michel,4,M,51.94,35.65,57.2,OC,374,OC,O,100,374,1.8767,543,0.0326
375,19-08-2010,Marco-Michel,4,M,69.32,49.11,127.2,OF,375,OC,O,75,375,5.1962,551,0.0373
376,19-08-2010,Marco-Michel,3,M,68.64,49.06,118.8,OF,376,O,O,75,376,2.8505,500,0.0325
377,19-08-2010,Marco-Michel,4,M,62.90,44.93,104.1,OC,377,OC,O,100,377,3.5218,500,0.0333
378,19-08-2010,Marco-Michel,4,M,46.95,31.99,41.9,OF,378,O,O,75,378,1.2370,500,0.0329
379,19-08-2010,Marco-Michel,4,M,71.83,50.43,142.6,OF,379,O,O,100,379,4.5383,500,0.0290
380,19-08-2010,Marco-Michel,4,M,57.36,40.38,83.6,OF,380,O,O,100,380,2.5029,500,0.0277
381,19-08-2010,Marco-Michel,3M,M,63.16,43.65,92.6,OC,381,OC,O,100,381,3.3635,525,0.0300
382,19-08-2010,Marco-Michel,3M,M,63.10,44.09,90.0,OF,382,O,O,75,382,2.0663,500,0.0311
383,25-08-2010,Marco-Michel,3M,M,68.24,44.44,108.6,OF,383,O,O,100,383,4.2611,527,0.0365
384,25-08-2010,Marco-Michel,4,M,66.99,47.82,113.1,OF,384,O,O,100,384,3.6389,514,0.0329
385,25-08-2010,Marco-Michel,4,M,69.44,45.71,122.1,OC,385,OC,O,75,385,4.0794,543,0.0379
386,25-08-2010,Marco-Michel,3M,M,66.46,46.76,105.3,OF,386,OF,O,75,386,2.6753,565,0.0345
387,25-08-2010,Marco-Michel,3,M,67.57,46.66,104.8,OC,387,OC,O,75,387,2.5329,541,0.0334
388,25-08-2010,Marco-Michel,2,P,42.87,26.64,26.4,OF,388,O,O,75,388,0.6184,508,0.0278
389,25-08-2010,Marco-Michel,4,M,59.28,41.75,83.1,OF,389,O,O,100,389,2.7378,500,0.0326
390,25-08-2010,Marco-Michel,2,P,60.01,41.34,72.6,OF,390,OC,O,75,390,1.8423,520,0.0330
391,25-08-2010,Marco-Michel,4,M,52.05,34.93,50.6,OF,391,OC,O,75,391,1.6671,500,0.0324
392,25-08-2010,Marco-Michel,4,M,70.05,42.86,106.8,OF,392,OC,O,75,392,2.9780,500,0.0311
393,25-08-2010,Marco-Michel,3,M,60.33,40.74,82.6,OC,393,OC,O,75,393,1.8452,500,0.0295
394,25-08-2010,Marco-Michel,2,P,43.60,28.92,30.1,OF,394,O,O,75,394,0.7692,515,0.0299
395,25-08-2010,Marco-Michel,4,M,67.33,45.62,108.3,OF,395,O,O,100,395,2.9528,500,0.0325
396,25-08-2010,Marco-Michel,2,P,60.43,41.12,73.7,OC,396,O,O,75,396,1.8435,500,0.0318
397,25-08-2010,Marco-Michel,3,M,60.29,42.01,77.3,OF,397,O,O,100,397,1.9820,566,0.0311
398,25-08-2010,Marco-Michel,3M,M,59.52,40.28,72.4,OC,398,OC,O,100,398,2.8587,500,0.0331
399,25-08-2010,Marco-Michel,4,M,60.62,42.65,89.7,OF,399,OC,O,100,399,3.3898,558,0.0385
400,25-08-2010,Marco-Michel,4,M,51.68,34.88,56.0,OF,400,OC,O,100,400,1.9200,500,0.0316
401,25-08-2010,Marco-Michel,3M,M,62.06,41.42,76.8,OF,401,OC,O,100,401,3.3686,579,0.0379
402,25-08-2010,Marco-Michel,3M,M,45.84,30.88,38.0,OF,402,OC,O,100,402,1.3136,686,0.0467
403,25-08-2010,Marco-Michel,2,P,54.55,36.50,55.5,OC,403,O,O,75,403,1.5153,568,0.0326
404,25-08-2010,Marco-Michel,3,M,64.32,44.88,92.2,OF,404,O,O,75,404,1.9949,516,0.0297
405,25-08-2010,Marco-Michel,4,M,62.13,40.39,85.6,OF,405,O,O,75,405,3.0444,561,0.0381
406,25-08-2010,Marco-Michel,3M,M,66.85,46.36,107.4,OF,406,OC,O,100,406,4.1645,500,0.0314
407,25-08-2010,Marco-Michel,3M,M,46.90,33.89,44.7,OF,407,OC,O,100,407,1.6043,516,0.0321
408,25-08-2010,Marco-Michel,4,M,60.54,39.60,81.8,OC,408,OC,O,75,408,3.0649,500,0.0323
409,25-08-2010,Marco-Michel,3M,M,55.59,37.64,65.8,OF,409,OC,O,100,409,2.2488,522,0.0329
410,25-08-2010,Marco-Michel,3,M,48.53,32.92,40.5,OF,410,O,O,100,410,1.0697,500,0.0300
411,25-08-2010,Marco-Michel,4,M,57.91,40.58,79.5,OC,411,OC,O,100,411,2.8023,500,0.0309
412,25-08-2010,Marco-Michel,2,P,47.50,30.81,35.3,OF,412,O,O,50,412,0.9433,500,0.0314
413,25-08-2010,Marco-Michel,3,M,56.76,39.04,67.1,OF,413,O,O,75,413,1.4441,500,0.0294
414,25-08-2010,Marco-Michel,4,M,52.76,37.25,58.5,OF,414,OC,O,100,414,2.0513,546,0.0331
415,25-08-2010,Marco-Michel,3M,M,49.81,34.50,46.8,OC,415,OC,O,100,415,1.9736,591,0.0392
416,25-08-2010,Marco-Michel,3M,M,61.99,41.53,84.4,OC,416,OC,O,100,416,3.3841,500,0.0319
417,25-08-2010,Marco-Michel,4,M,59.50,41.03,87.3,OF,417,OC,O,100,417,2.9306,500,0.0333
418,25-08-2010,Marco-Michel,4,M,48.74,34.70,50.3,OF,418,O,O,100,418,1.6266,522,0.0334
419,25-08-2010,Marco-Michel,2,P,63.75,42.49,86.2,OC,419,O,O,75,419,2.2544,516,0.0310
420,25-08-2010,Marco-Michel,2,P,62.39,41.49,77.0,OC,420,OC,O,75,420,1.7800,522,0.0299
421,25-08-2010,Marco-Michel,3,M,60.42,43.92,79.9,OC,421,OC,O,50,421,1.8769,507,0.0331
422,25-08-2010,Marco-Michel,3M,M,46.54,31.35,40.5,OF,422,OC,O,100,422,,,
423,25-08-2010,Marco-Michel,3,M,54.98,37.17,57.0,OC,423,O,O,75,423,1.5407,571,0.0351
424,25-08-2010,Marco-Michel,4,M,45.56,30.15,41.5,OF,424,OC,O,100,424,1.2942,508,0.0319
425,25-08-2010,Marco-Michel,3M,M,55.93,36.45,65.9,OC,425,OC,O,100,425,2.4021,556,0.0400
426,25-08-2010,Marco-Michel,3,M,48.96,34.17,41.8,OF,426,O,O,75,426,1.0817,529,0.0333
427,25-08-2010,Marco-Michel,3M,M,51.84,36.65,57.2,OC,427,OC,O,100,427,2.1251,540,0.0368
428,25-08-2010,Marco-Michel,2,P,48.90,33.11,45.4,OF,428,O,O,75,428,1.0466,500,0.0285
429,25-08-2010,Marco-Michel,5,M,67.50,45.25,85.0,OF,429,O,BE,10,429,0.3449,506,0.0256
430,25-08-2010,Marco-Michel,3,M,61.17,41.91,80.1,OC,430,O,O,75,430,2.2120,582,0.0340
431,25-08-2010,Marco-Michel,3,M,47.23,31.56,39.4,OF,431,O,O,75,431,0.8462,516,0.0288
432,25-08-2010,Marco-Michel,3,M,55.17,38.49,55.9,OC,432,OC,O,75,432,1.3891,500,0.0295
433,25-08-2010,Marco-Michel,3,M,55.55,38.99,67.3,OC,433,O,O,100,433,1.6283,558,0.0328
434,25-08-2010,Marco-Michel,3,M,53.43,33.90,51.5,OC,434,O,O,50,434,1.1157,500,0.0283
435,25-08-2010,Marco-Michel,3,M,57.00,40.11,66.4,OF,435,O,O,75,435,1.4140,500,0.0277
436,25-08-2010,Marco-Michel,3,M,61.52,44.37,86.3,OC,436,O,O,75,436,2.1190,532,0.0319
437,25-08-2010,Marco-Michel,3,M,54.07,35.61,58.8,OC,437,OC,OC,75,437,1.4871,500,0.0302
438,25-08-2010,Marco-Michel,4,M,49.04,32.62,48.0,OF,438,OC,O,100,438,1.5862,525,0.0323
439,25-08-2010,Marco-Michel,3,M,52.29,32.88,46.7,OC,439,OC,O,75,439,1.2361,537,0.0320
440,25-08-2010,Marco-Michel,4,M,45.54,31.73,43.8,OF,440,OC,O,100,440,1.4188,500,0.0314
441,25-08-2010,Marco-Michel,3,M,58.74,40.05,75.8,OC,441,OC,OC,75,441,1.8877,532,0.0311
442,25-08-2010,Marco-Michel,3,M,45.33,28.75,32.4,OF,442,OC,O,75,442,0.4734,500,0.0254
443,25-08-2010,Marco-Michel,3,M,58.44,38.68,65.5,OC,443,O,O,75,443,1.7577,531,0.0327
444,25-08-2010,Marco-Michel,3,M,45.60,32.39,30.1,OC,444,OC,O,75,444,0.9451,500,0.0279
445,25-08-2010,Marco-Michel,2,P,58.60,38.69,70.6,OC,445,O,O,100,445,1.8678,500,0.0329
446,25-08-2010,Marco-Michel,3,M,59.02,41.75,74.7,OC,446,O,O,75,446,1.8704,547,0.0335
447,25-08-2010,Marco-Michel,3,M,54.99,37.71,55.5,OC,447,O,O,75,447,1.6260,516,0.0320
448,25-08-2010,Marco-Michel,4,M,61.84,41.10,98.1,OF,448,OC,O,100,448,3.5024,599,0.0415
449,25-08-2010,Marco-Michel,3M,M,51.19,35.51,50.9,OC,449,OC,O,100,449,2.1644,517,0.0328
450,25-08-2010,Marco-Michel,3,M,53.77,37.34,53.9,OC,450,O,O,75,450,1.4100,536,0.0342
451,25-08-2010,Marco-Michel,3,M,52.78,36.08,52.4,OF,451,OF,O,75,451,1.1070,537,0.0275
452,25-08-2010,Marco-Michel,3,M,62.86,41.26,85.5,OF,452,OF,O,75,452,1.8401,500,0.0297
453,25-08-2010,Marco-Michel,3,M,55.65,38.25,65.6,OF,453,O,O,75,453,1.6103,500,0.0297
454,25-08-2010,Marco-Michel,3,M,53.97,35.27,52.6,OC,454,O,O,75,454,1.4356,562,0.0327
455,25-08-2010,Marco-Michel,2,P,53.60,35.60,55.7,OF,455,OC,O,75,455,1.6249,516,0.0302
456,25-08-2010,Marco-Michel,3,M,59.13,40.60,74.0,OC,456,OC,O,75,456,1.9896,500,0.0290
457,25-08-2010,Marco-Michel,2,P,48.50,32.15,38.8,OC,457,OC,O,50,457,0.8351,553,0.0314
458,25-08-2010,Marco-Michel,3,M,56.23,38.89,55.3,OC,458,OC,O,75,458,1.6969,554,0.0344
459,25-08-2010,Marco-Michel,3,M,55.28,36.00,65.9,OF,459,OF,O,100,459,1.3782,500,0.0304
460,25-08-2010,Marco-Michel,4,M,53.57,37.62,61.1,OC,460,OC,O,100,460,2.2179,500,0.0293
461,25-08-2010,Marco-Michel,3M,M,56.87,39.37,68.8,OF,461,OF,O,75,461,1.5237,500,0.0273
462,25-08-2010,Marco-Michel,2,P,44.79,28.99,32.3,OF,462,OF,O,75,462,N/A,N/A,N/A
463,25-08-2010,Marco-Michel,2,P,45.90,28.59,36.8,OF,463,OF,O,75,463,0.8134,504,0.0283
464,25-08-2010,Marco-Michel,3,M,48.59,34.17,36.1,OF,464,OF,O,75,464,0.6948,500,0.0269
465,25-08-2010,Marco-Michel,3,M,52.21,34.97,55.0,OC,465,OC,O,75,465,1.1791,522,0.0319
466,25-08-2010,Marco-Michel,3M,M,60.26,39.90,73.7,OC,466,OC,O,100,466,2.0721,531,0.0325
467,25-08-2010,Marco-Michel,3,M,52.93,35.33,48.0,OC,467,O,O,75,467,1.3057,500,0.0294
468,25-08-2010,Marco-Michel,3,M,47.26,31.17,37.7,OF,468,OF,O,75,468,0.7979,500,0.0255
469,25-08-2010,Marco-Michel,3,M,52.93,34.85,56.8,OC,469,OC,O,75,469,1.4042,500,0.0336
470,25-08-2010,Marco-Michel,3,M,49.48,33.45,50.5,OC,470,O,O,100,470,0.9189,552,0.0248
471,25-08-2010,Marco-Michel,4,M,72.18,48.37,154.3,OC,471,OC,O,100,471,5.3945,521,0.0340
472,25-08-2010,Marco-Michel,4,M,80.66,55.41,182.7,OC,472,OC,O,100,472,7.0099,540,0.0352
473,25-08-2010,Marco-Michel,4,M,85.40,58.39,220.7,OC,473,OC,O,100,473,8.3491,508,0.0347
474,25-08-2010,Marco-Michel,3M,M,76.44,51.68,149.2,OC,474,OC,O,100,474,6.4706,503,0.0334
475,25-08-2010,Marco-Michel,4,M,58.90,40.94,75.6,OC,475,OC,O,100,475,3.0953,500,0.0321
476,25-08-2010,Marco-Michel,4,M,70.92,51.11,149.8,OF,476,O,O,100,476,5.1752,500,0.0316
477,25-08-2010,Marco-Michel,3M,M,64.08,42.79,90.8,OF,477,OF,O,75,477,2.2554,500,0.0276
478,25-08-2010,Marco-Michel,3,M,56.85,38.43,60.1,OC,478,O,O,50,478,1.4355,500,0.0300
479,25-08-2010,Marco-Michel,4,M,75.62,53.00,152.4,OF,479,OC,O,100,479,5.2391,500,0.0319
480,25-08-2010,Marco-Michel,5,M,71.54,50.57,117.5,OC,480,OC,BE,75,480,2.5072,500,0.0327
481,25-08-2010,Marco-Michel,3,M,48.13,31.46,37.7,OC,481,O,O,75,481,0.9790,638,0.0394
482,25-08-2010,Marco-Michel,5,M,77.61,54.04,167.0,OC,482,OC,O,100,482,6.1524,506,0.0312
483,25-08-2010,Marco-Michel,3,M,65.45,44.83,95.1,OC,483,O,O,75,483,2.6526,532,0.0333
484,25-08-2010,Marco-Michel,4,M,67.53,47.64,129.0,OF,484,O,O,100,484,4.0567,550,0.0350
485,25-08-2010,Marco-Michel,4,M,76.14,53.00,170.5,OF,485,O,O,100,485,5.2214,500,0.0336
486,25-08-2010,Marco-Michel,4,M,74.78,49.73,146.7,OC,486,OC,O,100,486,,,
487,25-08-2010,Marco-Michel,3,M,60.37,44.15,76.9,OF,487,O,O,75,487,2.0522,517,0.0328
488,25-08-2010,Marco-Michel,3,M,73.70,49.88,133.2,OF,488,O,O,75,488,3.2593,504,0.0285
489,25-08-2010,Marco-Michel,3M,M,62.95,43.82,90.2,OC,489,OC,O,100,489,3.4997,525,0.0340
490,25-08-2010,Marco-Michel,4,M,68.75,48.29,120.7,OF,490,O,O,100,490,4.3718,524,0.0336
491,25-08-2010,Marco-Michel,3M,M,65.08,44.53,98.0,OC,491,OC,O,75,491,3.8983,543,0.0334
492,25-08-2010,Marco-Michel,4,M,66.58,45.39,114.5,OF,492,O,O,100,492,3.8011,500,0.0313
493,25-08-2010,Marco-Michel,3,M,65.16,45.66,84.7,OC,493,OC,OC,75,493,2.5651,522,0.0308
494,25-08-2010,Marco-Michel,3M,M,57.05,40.69,62.9,OF,494,O,O,75,494,1.6288,500,0.0302
495,25-08-2010,Marco-Michel,2,M,51.89,35.92,46.0,OF,495,O,O,50,495,1.2733,644,0.0390
496,25-08-2010,Marco-Michel,4,M,69.96,48.94,133.2,OC,496,OC,O,100,496,4.9878,500,0.0363
497,25-08-2010,Marco-Michel,4,M,72.46,48.81,138.3,OC,497,O,O,100,497,4.8007,546,0.0343
498,25-08-2010,Marco-Michel,3M,M,65.06,46.60,97.4,OC,498,OC,O,100,498,3.9986,530,0.0350
499,25-08-2010,Marco-Michel,4,M,69.72,48.13,121.1,OC,499,OC,O,75,499,N/A,N/A,N/A
500,25-08-2010,Marco-Michel,4,M,70.66,49.06,131.1,OC,500,OC,O,75,500,4.8490,500,0.0336
501,25-08-2010,Marco-Michel,4,M,74.65,53.20,163.2,OF,501,O,O,100,501,4.8125,500,0.0290
502,25-08-2010,Marco-Michel,4,M,78.98,54.84,174.6,OC,502,OC,OC,75,502,4.6480,527,0.0373
503,25-08-2010,Marco-Michel,4,M,53.91,36.80,59.0,OF,503,OC,O,100,503,2.0617,521,0.0344
504,25-08-2010,Marco-Michel,4,M,68.92,48.50,136.1,OC,504,O,O,75,504,4.6162,500,0.0286
505,25-08-2010,Marco-Michel,4,M,80.87,54.51,187.5,OC,505,OC,O,100,505,7.1685,535,0.0359
506,25-08-2010,Marco-Michel,4,M,67.39,49.01,120.8,OC,506,O,OC,75,506,3.7220,575,0.0364
507,25-08-2010,Marco-Michel,4,M,77.33,53.57,162.3,OF,507,O,O,100,507,4.4418,500,0.0310
508,25-08-2010,Marco-Michel,4,M,77.23,52.57,190.5,OF,508,O,O,100,508,5.7806,502,0.0314
509,25-08-2010,Marco-Michel,4,M,76.97,50.32,157.3,OC,509,OC,OC,100,509,4.8270,500,0.0314
510,25-08-2010,Marco-Michel,3,M,50.57,35.00,46.0,OF,510,O,O,75,510,1.2584,513,0.0289
511,25-08-2010,Marco-Michel,2,P,66.23,45.34,96.0,OF,511,O,O,50,511,2.2889,501,0.0317
512,25-08-2010,Marco-Michel,3,M,57.53,38.69,68.3,OF,512,O,O,75,512,1.9515,516,0.0281
513,25-08-2010,Marco-Michel,3,M,62.40,43.76,85.1,OF,513,OF,O,75,513,2.1426,501,0.0289
514,25-08-2010,Marco-Michel,4,M,65.14,43.58,93.2,OC,514,OC,O,75,514,3.7385,605,0.0406
515,25-08-2010,Marco-Michel,3,M,52.93,37.07,60.2,OC,515,O,O,75,515,1.6257,510,0.0295
516,25-08-2010,Marco-Michel,3,M,50.50,32.74,45.7,OC,516,OC,O,75,516,1.2123,539,0.0306
517,25-08-2010,Marco-Michel,4,M,66.39,43.97,96.8,OF,517,OC,O,100,517,3.6055,567,0.0356
518,25-08-2010,Marco-Michel,4,M,65.03,45.73,93.9,OF,518,O,O,75,518,2.7155,500,0.0306
519,25-08-2010,Marco-Michel,3,M,61.38,40.39,84.1,OC,519,OF,O,50,519,1.9481,500,0.0255
520,25-08-2010,Marco-Michel,3,M,66.14,45.38,96.0,OC,520,OC,O,75,520,2.5419,650,0.0405
521,25-08-2010,Marco-Michel,3,M,71.49,45.64,129.1,OC,521,OC,O,75,521,3.1865,500,0.0309
522,25-08-2010,Marco-Michel,4,M,55.88,38.54,65.6,OF,522,O,O,100,522,2.1224,500,0.0320
523,25-08-2010,Marco-Michel,4,M,62.76,44.17,87.3,OF,523,O,O,50,523,1.5431,500,0.0299
524,25-08-2010,Marco-Michel,5,M,66.59,43.96,90.8,OF,524,OC,BE,50,524,1.1593,528,0.0318
525,25-08-2010,Marco-Michel,2,P,60.81,40.90,71.3,OC,525,O,O,75,525,2.0408,557,0.0379
526,25-08-2010,Marco-Michel,2,P,59.08,41.48,71.3,OC,526,OC,O,75,526,1.8822,507,0.0287
527,25-08-2010,Marco-Michel,2,P,61.49,41.69,76.0,OC,527,O,O,75,527,2.1980,501,0.0334
528,25-08-2010,Marco-Michel,2,P,51.44,35.00,45.4,OC,528,O,O,50,528,1.2961,550,0.0319
529,25-08-2010,Marco-Michel,2,P,44.57,28.97,30.4,OC,529,O,O,75,529,0.8154,500,0.0294
530,25-08-2010,Marco-Michel,2,P,55.81,38.38,62.0,OF,530,O,O,50,530,1.4659,500,0.0303
531,25-08-2010,Marco-Michel,2,P,51.65,34.80,45.9,OC,531,O,O,50,531,1.3767,506,0.0307
532,25-08-2010,Marco-Michel,2,P,53.71,35.32,54.6,OC,532,O,O,75,532,1.3682,526,0.0288
533,25-08-2010,Marco-Michel,2,P,68.15,44.38,97.6,OF,533,O,O,75,533,2.7033,517,0.0295
534,25-08-2010,Marco-Michel,3,M,46.06,30.26,34.2,OC,534,O,O,75,534,0.8288,548,0.0309
535,25-08-2010,Marco-Michel,5,M,57.91,44.58,66.0,OC,535,OC,BE,75,535,1.9412,507,0.0343
536,25-08-2010,Marco-Michel,2,P,57.65,39.46,65.0,OC,536,O,O,75,536,1.8414,506,0.0328
537,25-08-2010,Marco-Michel,4,M,70.45,48.58,129.1,OF,537,OC,O,100,537,4.6368,546,0.0344
538,25-08-2010,Marco-Michel,3,M,63.34,44.64,93.2,OC,538,O,O,75,538,2.3354,500,0.0300
539,25-08-2010,Marco-Michel,3M,M,62.66,44.87,85.3,OC,539,OC,O,75,539,3.5049,508,0.0318
540,25-08-2010,Marco-Michel,3M,M,54.72,35.61,59.6,OF,540,O,O,75,540,1.4124,570,0.0342
541,25-08-2010,Marco-Michel,3,M,48.63,32.48,38.2,OC,541,O,O,50,541,1.1003,510,0.0295
542,25-08-2010,Marco-Michel,3,M,64.55,44.72,89.4,OF,542,O,O,75,542,2.2027,524,0.0358
543,25-08-2010,Marco-Michel,4,M,57.90,37.21,74.5,OC,543,OC,O,75,543,2.5168,507,0.0347
544,25-08-2010,Marco-Michel,3,M,60.71,40.70,80.0,OC,544,O,O,50,544,1.9699,535,0.0334
545,25-08-2010,Marco-Michel,3,M,66.74,46.31,93.2,OC,545,OC,O,75,545,2.6140,533,0.0333
546,25-08-2010,Marco-Michel,3,M,59.74,41.22,75.0,OC,546,OC,O,50,546,1.8070,598,0.0355
547,25-08-2010,Marco-Michel,3,M,62.04,42.57,86.5,OF,547,O,O,50,547,2.1624,500,0.0313
548,25-08-2010,Marco-Michel,4,M,55.68,38.99,64.3,OC,548,OC,O,100,548,2.3279,500,0.0317
549,25-08-2010,Marco-Michel,2,P,57.22,38.64,71.3,OF,549,OC,O,75,549,1.7435,525,0.0314
550,25-08-2010,Marco-Michel,3M,M,60.29,40.54,75.4,OC,550,OF,O,75,550,1.6306,500,0.0260
551,25-08-2010,Marco-Michel,3,M,37.73,31.56,39.2,OC,551,OC,O,75,551,1.0588,577,0.0321
552,25-08-2010,Marco-Michel,3,M,58.45,40.31,74.3,OC,552,OC,O,50,552,1.8368,500,0.0321
553,25-08-2010,Marco-Michel,3,M,53.52,37.02,53.8,OF,553,O,O,75,553,1.3177,501,0.0298
554,25-08-2010,Marco-Michel,3,M,57.80,41.10,69.7,OF,554,O,O,50,554,1.5014,500,0.0313
555,25-08-2010,Marco-Michel,3,M,49.10,35.85,46.8,OC,555,O,O,75,555,1.1805,500,0.0280
556,25-08-2010,Marco-Michel,3,M,64.18,44.05,95.3,OC,556,OC,O,75,556,2.5722,529,0.0330
557,25-08-2010,Marco-Michel,3,M,62.27,42.79,84.6,OF,557,OC,O,75,557,2.3900,500,0.0313
558,25-08-2010,Marco-Michel,3,M,65.87,44.27,95.8,OF,558,O,O,75,558,2.8288,500,0.0288
559,25-08-2010,Marco-Michel,5,M,63.20,44.21,93.0,OC,559,O,O,75,559,3.0812,500,0.0300
560,25-08-2010,Marco-Michel,2,P,53.29,38.77,64.8,OC,560,OC,O,75,560,1.5690,500,0.0308
561,25-08-2010,Marco-Michel,3,M,61.15,45.37,81.8,OC,561,O,O,75,561,2.1756,501,0.0298
562,25-08-2010,Marco-Michel,3,M,57.54,39.65,65.7,OC,562,OC,O,75,562,1.6909,530,0.0298
563,25-08-2010,Marco-Michel,2,P,49.85,34.90,40.9,OC,563,OC,O,75,563,1.0954,500,0.0280
564,25-08-2010,Marco-Michel,3M,M,51.32,35.45,50.9,OC,564,O,O,75,564,0.9887,544,0.0303
565,25-08-2010,Marco-Michel,3,M,64.42,43.55,99.6,OF,565,O,O,75,565,2.7127,520,0.0327
566,25-08-2010,Marco-Michel,3,M,52.55,35.10,51.7,OF,566,O,O,75,,,,
567,25-08-2010,Marco-Michel,3M,M,54.28,37.94,54.4,OF,567,O,O,75,567,1.2714,500,0.0265
568,25-08-2010,Marco-Michel,2,P,47.25,32.61,34.8,OF,568,O,O,75,568,0.9329,500,0.0317
569,25-08-2010,Marco-Michel,3,M,47.39,32.01,39.5,OC,569,O,O,75,569,0.9120,507,0.0273
570,25-08-2010,Marco-Michel,3,M,55.37,38.32,60.1,OC,570,OC,O,50,570,1.6229,619,0.0362
571,25-08-2010,Marco-Michel,3,M,60.12,43.53,82.6,OC,571,OC,O,75,571,2.2150,537,0.0336
572,25-08-2010,Marco-Michel,3,M,57.64,41.15,67.4,OC,572,O,O,50,572,1.4298,501,0.0296
573,25-08-2010,Marco-Michel,3,M,69.34,45.71,115.9,OC,573,OC,O,50,573,2.7229,539,0.0332
574,25-08-2010,Marco-Michel,3,M,61.00,42.49,79.4,OC,574,OC,O,50,574,1.7671,559,0.0380
575,25-08-2010,Marco-Michel,3,M,57.75,37.97,68.8,OF,575,O,O,75,575,1.8421,500,0.0287
576,25-08-2010,Marco-Michel,3,M,51.02,34.44,51.2,OF,576,O,O,75,576,1.2090,540,0.0341
577,25-08-2010,Marco-Michel,4,M,73.61,50.78,130.8,OF,577,O,O,100,577,3.6483,514,0.0278
578,25-08-2010,Marco-Michel,3M,M,59.90,42.01,72.1,OF,578,O,O,75,578,1.5102,500,0.0267
579,09-09-2010,Marco-Michel,3,M,52.25,36.84,49.0,OF,579,O,O,75,579,0.9756,500,0.0296
580,09-09-2010,Marco-Michel,3M,M,62.16,42.68,79.7,OF,580,O,O,75,580,1.8527,536,0.0293
581,09-09-2010,Marco-Michel,3,M,61.01,42.86,65.6,OF,581,O,O,75,581,1.9160,500,0.0315
582,09-09-2010,Marco-Michel,3M,M,50.93,34.61,41.7,OC,582,O,O,75,582,0.9146,515,0.0278
583,09-09-2010,Marco-Michel,3,M,66.58,45.34,102.4,OF,583,OC,OC,75,583,2.7493,537,0.0335
584,09-09-2010,Marco-Michel,2,P,66.17,45.57,97.0,OC,584,OC,O,75,584,2.5614,500,0.0284
585,09-09-2010,Marco-Michel,3M,M,68.15,47.96,100.2,OF,585,OC,O,50,585,2.4166,515,0.0306
586,09-09-2010,Marco-Michel,3,M,58.84,38.88,70.2,OF,586,O,O,75,586,2.2309,500,0.0296
587,09-09-2010,Marco-Michel,3M,M,60.82,41.20,74.8,OF,587,O,O,75,587,1.9006,521,0.0307
588,09-09-2010,Marco-Michel,3M,M,79.03,55.01,153.3,OF,588,O,O,75,588,4.6418,560,0.0367
589,09-09-2010,Marco-Michel,3,M,62.24,43.00,79.5,OF,589,O,O,75,589,2.0496,508,0.0302
590,09-09-2010,Marco-Michel,3M,M,71.54,49.99,118.0,OF,590,O,O,75,590,3.2801,520,0.0308
591,09-09-2010,Marco-Michel,3,M,69.09,47.31,116.7,OF,591,O,O,75,591,3.4801,500,0.0309
592,09-09-2010,Marco-Michel,3M,M,78.81,53.87,145.1,OF,592,O,O,75,592,4.2674,532,0.0338
593,09-09-2010,Marco-Michel,4,M,63.43,45.47,80.6,OF,593,O,O,75,594,2.7470,503,0.0282
594,09-09-2010,Marco-Michel,3,M,69.08,47.93,103.8,OF,594,O,O,75,595,2.4602,500,0.0305
595,09-09-2010,Marco-Michel,3,M,68.06,46.52,99.9,OF,595,O,O,75,595,1.9005,524,0.0284
596,09-09-2010,Marco-Michel,4,M,59.80,42.01,78.1,OC,596,O,O,75,596,1.9263,507,0.0282
597,09-09-2010,Marco-Michel,3,M,61.21,44.51,79.1,OC,597,O,O,75,597,2.2172,503,0.0280
598,09-09-2010,Marco-Michel,3,M,63.01,41.49,81.1,OC,598,O,O,75,598,2.3829,518,0.0328
599,09-09-2010,Marco-Michel,3M,M,72.63,49.52,124.0,OF,599,O,O,75,599,3.8040,500,0.0343
600,09-09-2010,Marco-Michel,3M,M,57.81,39.35,64.7,OF,600,O,O,75,600,1.6242,501,0.0299
601,09-09-2010,Marco-Michel,3M,M,63.85,42.80,85.2,OF,601,O,O,75,601,1.8730,500,0.0273
602,09-09-2010,Marco-Michel,4,M,67.62,48.41,102.3,OF,602,O,O,100,602,3.4695,539,0.0294
603,09-09-2010,Marco-Michel,3M,M,62.58,43.70,80.8,OF,603,O,O,100,603,1.9862,524,0.0317
604,09-09-2010,Marco-Michel,4,M,64.99,43.55,91.0,OF,604,O,O,75,604,2.1279,500,0.0271
605,09-09-2010,Marco-Michel,4,M,70.42,49.69,116.2,OF,605,O,O,75,605,3.0774,500,0.0300
606,09-09-2010,Marco-Michel,3,M,59.58,43.10,68.7,OF,606,O,O,50,606,1.4707,500,0.0280
607,09-09-2010,Marco-Michel,3,M,61.85,43.56,75.8,OC,607,O,O,75,607,1.6922,501,0.0298
608,09-09-2010,Marco-Michel,3,M,53.36,37.36,53.8,OF,608,O,O,75,608,1.3618,500,0.0281
609,09-09-2010,Marco-Michel,3,M,57.32,41.71,61.4,OF,609,O,O,50,609,1.3461,509,0.0292
610,09-09-2010,Marco-Michel,3,M,70.64,51.67,121.1,OF,610,O,O,75,610,3.5121,500,0.0309
611,09-09-2010,Marco-Michel,4,M,58.55,40.48,70.4,OF,611,OF,O,75,611,1.4443,518,0.0292
612,09-09-2010,Marco-Michel,4,M,72.65,52.75,128.2,OF,612,O,O,50,612,3.1213,512,0.0308
613,09-09-2010,Marco-Michel,4,M,70.77,47.01,116.5,OF,613,O,O,75,613,2.8078,503,0.0296
614,09-09-2010,Marco-Michel,3,M,58.35,40.85,66.7,OC,614,O,O,75,614,1.6992,508,0.0331
615,09-09-2010,Marco-Michel,3,M,66.33,46.52,96.3,OF,615,O,O,100,615,2.7316,521,0.0280
616,09-09-2010,Marco-Michel,4,M,58.83,40.67,68.7,OC,616,O,O,75,616,1.5696,504,0.0275
617,09-09-2010,Marco-Michel,3,M,66.01,45.13,95.4,OF,617,OC,O,75,617,2.8950,502,0.0327
618,09-09-2010,Marco-Michel,4,M,62.39,42.28,77.0,OC,618,O,O,75,618,1.7511,527,0.0284
619,09-09-2010,Marco-Michel,3,M,67.94,48.39,107.2,OF,619,O,O,75,619,3.1362,515,0.0302
620,09-09-2010,Marco-Michel,3,M,68.27,47.45,106.6,OF,620,O,O,75,620,2.7136,500,0.0295
621,09-09-2010,Marco-Michel,3,M,55.48,39.63,58.9,OF,621,O,O,50,621,1.3048,508,0.0340
622,09-09-2010,Marco-Michel,3,M,69.68,48.40,110.7,OC,622,O,O,75,622,2.7751,515,0.0302
623,09-09-2010,Marco-Michel,3,M,66.54,45.68,94.9,OF,623,O,O,50,623,2.9695,500,0.0337
624,09-09-2010,Marco-Michel,3,M,53.87,38.32,58.7,OF,624,OF,O,100,624,1.4171,534,0.0283
625,09-09-2010,Marco-Michel,3M,M,64.28,44.53,91.1,OF,625,O,O,75,625,2.4329,500,0.0316
626,09-09-2010,Marco-Michel,3,M,76.43,52.71,145.9,OC,626,O,O,75,626,4.3782,500,0.0304
627,09-09-2010,Marco-Michel,3,M,67.56,47.60,92.0,OF,627,O,O,75,627,2.7067,503,0.0287
628,09-09-2010,Marco-Michel,3,M,76.37,53.62,147.2,OF,628,O,O,75,628,3.7316,509,0.0305
629,09-09-2010,Marco-Michel,3,M,75.21,53.35,138.5,OF,629,O,O,75,629,4.0747,527,0.0305
630,09-09-2010,Marco-Michel,4,M,82.30,56.68,165.4,OF,630,O,O,75,630,4.2019,513,0.0306
631,09-09-2010,Marco-Michel,3,M,70.56,50.91,117.4,OF,631,O,O,75,631,3.0437,506,0.0286
632,09-09-2010,Marco-Michel,3,M,79.56,54.39,152.2,OF,632,O,O,100,632,4.4398,501,0.0296
633,09-09-2010,Marco-Michel,3,M,80.28,55.96,160.7,OC,633,O,O,75,633,4.4705,512,0.0321
634,09-09-2010,Marco-Michel,3,M,71.26,49.38,119.9,OF,634,O,O,75,634,3.3735,515,0.0309
635,09-09-2010,Marco-Michel,4,M,64.94,47.01,93.6,OC,635,O,O,75,635,2.4137,500,0.0295
636,09-09-2010,Marco-Michel,4,M,79.99,54.95,165.1,OC,636,O,O,75,636,4.8018,510,0.0288
637,09-09-2010,Marco-Michel,4,M,74.78,49.68,135.6,OF,637,O,O,75,637,3.4533,524,0.0310
638,09-09-2010,Marco-Michel,3,M,58.33,40.21,64.7,OC,638,O,O,75,638,1.6092,533,0.0292
639,09-09-2010,Marco-Michel,4,M,68.83,47.73,105.4,OF,639,O,O,50,639,2.7406,500,0.0301
640,09-09-2010,Marco-Michel,3M,M,57.24,37.62,63.4,OF,640,O,O,50,640,0.9768,500,0.0244
641,09-09-2010,Marco-Michel,2,P,55.73,38.95,57.3,OF,641,O,O,50,641,1.4587,508,0.0277
642,09-09-2010,Marco-Michel,2,P,72.13,48.25,125.4,OF,642,O,O,50,642,3.8076,512,0.0330
643,09-09-2010,Marco-Michel,2,P,63.96,44.59,81.9,OF,643,O,O,50,643,2.1932,499,0.0305
644,09-09-2010,Marco-Michel,3,M,71.32,49.41,118.2,OF,644,O,O,75,644,3.1529,500,0.0316
645,09-09-2010,Marco-Michel,3,M,75.50,53.91,139.3,OF,645,O,O,75,645,3.8862,500,0.0311
646,09-09-2010,Marco-Michel,3,M,71.35,47.97,120.9,OF,646,O,O,75,646,2.7561,530,0.0294
647,09-09-2010,Marco-Michel,3,M,67.01,46.93,97.7,OF,647,OF,O,75,647,2.4206,513,0.0282
648,09-09-2010,Marco-Michel,3,M,58.81,40.46,70.5,OF,648,O,O,50,648,1.8810,517,0.0327
649,09-09-2010,Marco-Michel,3,M,75.35,50.62,125.7,OF,649,O,O,50,649,2.6187,507,0.0279
650,09-09-2010,Marco-Michel,3,M,62.75,41.91,74.3,OC,650,O,O,50,650,1.7329,516,0.0268
651,09-09-2010,Marco-Michel,3,M,63.46,45.14,87.6,OC,651,O,O,75,651,2.6931,512,0.0280
652,09-09-2010,Marco-Michel,3,M,71.08,49.07,122.1,OC,652,O,O,75,652,3.6083,513,0.0326
653,09-09-2010,Marco-Michel,3,M,59.69,41.61,68.8,OC,653,O,O,75,653,1.5665,505,0.0269
654,09-09-2010,Marco-Michel,3,M,78.74,53.23,158.7,OF,654,O,O,75,654,5.0856,528,0.0310
655,09-09-2010,Marco-Michel,3,M,70.95,50.24,111.9,OF,655,O,O,50,655,2.5855,512,0.0305
656,09-09-2010,Marco-Michel,3,M,71.94,48.41,117.5,OF,656,O,O,50,656,2.9219,500,0.0269
657,09-09-2010,Marco-Michel,3,M,73.77,49.44,134.2,OF,657,O,O,75,657,4.1014,500,0.0389
658,09-09-2010,Marco-Michel,4,M,73.88,52.19,131.0,OC,658,O,O,75,658,3.3334,500,0.0293
659,09-09-2010,Marco-Michel,4,M,71.82,47.57,124.2,OF,659,O,O,100,659,4.5705,527,0.0299
660,09-09-2010,Marco-Michel,3M,M,63.92,43.95,91.0,OF,660,O,O,75,660,2.3903,514,0.0287
661,09-09-2010,Marco-Michel,3,M,48.48,31.41,39.7,OF,661,O,O,75,661,0.9473,500,0.0281
662,09-09-2010,Marco-Michel,3,M,70.94,50.03,116.9,OF,662,O,O,75,662,3.3847,500,0.0303
663,09-09-2010,Marco-Michel,4,M,66.05,45.66,92.7,OF,663,O,O,50,663,2.2557,500,0.0300
664,09-09-2010,Marco-Michel,3,M,77.79,55.85,146.6,OC,664,O,O,75,664,3.6639,500,0.0305
665,09-09-2010,Marco-Michel,3,M,77.04,48.76,150.9,OF,665,O,O,100,665,4.4188,525,0.0281
666,09-09-2010,Marco-Michel,3M,M,59.55,41.79,65.5,OC,666,O,O,75,666,1.6849,500,0.0249
667,09-09-2010,Marco-Michel,3,M,75.11,50.00,136.4,OF,667,O,O,75,667,3.9519,539,0.0313
668,09-09-2010,Marco-Michel,4,M,47.46,31.72,37.2,OC,668,O,O,75,668,0.8323,486,0.0237
669,09-09-2010,Marco-Michel,2,P,56.90,39.71,60.3,OF,669,O,O,50,669,1.3260,514,0.0266
670,09-09-2010,Marco-Michel,3,M,56.01,40.38,63.5,OF,670,OF,O,75,670,1.6665,506,0.0266
671,09-09-2010,Marco-Michel,4,M,56.91,38.81,61.0,OF,671,O,O,75,671,1.3848,500,0.0285
672,09-09-2010,Marco-Michel,3M,M,52.42,36.33,47.0,OF,672,OF,O,75,672,0.8804,552,0.0279
673,09-09-2010,Marco-Michel,3,M,58.62,38.72,64.6,OF,673,O,O,75,673,1.2628,500,0.0253
674,09-09-2010,Marco-Michel,3,M,53.59,34.66,49.0,OF,674,O,O,75,674,1.3760,522,0.0280
675,09-09-2010,Marco-Michel,2,P,59.49,41.34,71.2,OF,675,O,O,75,675,1.9157,489,0.0281
676,09-09-2010,Marco-Michel,2,P,48.66,34.00,43.5,OF,676,O,O,75,676,1.1701,509,0.0291
677,15-09-2010,Marco-Michel,4,M,76.23,52.06,167.9,OF,677,O,O,100,,,,
678,15-09-2010,Marco-Michel,4,M,84.24,59.89,224.8,OF,678,O,O,75,678,8.6970,509,0.0345
679,15-09-2010,Marco-Michel,4,M,74.35,50.60,161.8,OF,679,O,O,75,679,6.8273,507,0.0346
680,15-09-2010,Marco-Michel,2,P,55.78,37.79,63.1,OF,680,O,O,75,680,1.5674,500,0.0271
681,15-09-2010,Marco-Michel,2,P,54.61,36.64,57.4,OF,681,O,O,75,681,1.5743,500,0.0266
682,15-09-2010,Marco-Michel,3,M,57.44,39.16,70.2,OF,682,O,O,75,682,1.8102,536,0.0311
683,15-09-2010,Marco-Michel,2,P,56.33,39.40,64.9,OF,683,O,O,75,683,1.6703,506,0.0273
684,15-09-2010,Marco-Michel,2,P,49.91,35.06,47.1,OF,684,O,O,75,684,1.1697,571,0.0327
685,15-09-2010,Marco-Michel,2,P,61.61,41.98,80.2,OF,685,O,O,75,685,1.9931,500,0.0282
686,15-09-2010,Marco-Michel,4,M,47.54,33.64,44.0,OF,686,OF,O,100,686,1.3381,600,0.0312
687,15-09-2010,Marco-Michel,3M,M,81.46,57.83,179.0,OF,687,OF,O,75,687,4.3678,524,0.0291
688,15-09-2010,Marco-Michel,3,M,60.98,42.96,79.6,OF,688,O,O,75,688,1.8381,500,0.0286
689,15-09-2010,Marco-Michel,2,P,54.77,35.32,57.1,OF,689,O,O,75,689,1.5409,500,0.0284
690,15-09-2010,Marco-Michel,5,M,73.88,51.05,144.6,OF,690,O,OC,75,690,3.3462,500,0.0292
691,15-09-2010,Marco-Michel,3,M,64.76,44.98,89.5,OF,691,O,O,50,691,1.8948,500,0.0310
692,15-09-2010,Marco-Michel,4,M,79.75,56.98,206.5,OF,692,O,O,75,,,,
693,15-09-2010,Marco-Michel,3,M,61.77,42.40,83.3,OF,693,O,O,75,,,,
694,15-09-2010,Marco-Michel,2,P,52.59,36.17,52.8,OF,694,O,O,75,694,1.2730,502,0.0274
695,15-09-2010,Marco-Michel,2,P,60.78,41.10,78.6,OF,695,O,O,75,695,2.1485,509,0.0287
696,15-09-2010,Marco-Michel,2,P,47.74,32.17,38.3,OC,696,O,O,75,696,0.9005,500,0.0282
697,15-09-2010,Marco-Michel,3,M,54.09,36.37,55.1,OF,697,OC,OC,75,697,1.3965,500,0.0316
698,15-09-2010,Marco-Michel,2,P,53.46,37.98,58.6,OF,698,O,O,75,698,1.5521,510,0.0310
699,15-09-2010,Marco-Michel,4,M,75.88,53.06,149.4,OC,699,O,O,75,699,4.1056,500,0.0282
700,15-09-2010,Marco-Michel,4,M,79.92,54.26,175.7,OF,700,OC,O,75,700,6.1836,500,0.0329
701,15-09-2010,Marco-Michel,2,P,50.15,35.73,48.9,OF,701,O,O,75,701,1.2081,521,0.0298
702,15-09-2010,Marco-Michel,2,P,48.01,33.98,40.7,OF,702,OF,O,100,702,1.0257,500,0.0282
703,15-09-2010,Marco-Michel,4,M,66.55,46.43,107.7,OF,703,O,OC,50,703,2.6987,500,0.0289
704,15-09-2010,Marco-Michel,3,M,63.91,45.01,86.7,OF,704,O,O,50,704,2.2660,509,0.0321
705,15-09-2010,Marco-Michel,4,M,62.35,44.60,100.2,OF,705,O,O,100,705,3.0382,500,0.0302
706,15-09-2010,Marco-Michel,2,P,48.56,31.87,39.2,OF,706,O,O,75,706,1.0438,531,0.0289
707,15-09-2010,Marco-Michel,2,P,62.38,42.38,82.5,OF,707,O,O,75,707,2.2050,560,0.0316
708,15-09-2010,Marco-Michel,4,M,57.93,40.99,76.2,OF,708,O,O,75,708,2.6330,500,0.0313
709,15-09-2010,Marco-Michel,2,P,53.47,36.38,46.0,OF,709,O,O,50,709,0.9896,515,0.0268
710,15-09-2010,Marco-Michel,2,P,54.82,38.83,58.1,OF,710,O,O,75,710,1.5535,521,0.0286
711,15-09-2010,Marco-Michel,4,M,62.29,41.76,94.2,OF,711,O,O,50,711,2.0715,519,0.0329
712,15-09-2010,Marco-Michel,3,M,60.57,41.47,72.9,OF,712,O,O,75,712,1.7535,500,0.0291
713,15-09-2010,Marco-Michel,3,M,63.68,45.96,87.2,OF,713,O,O,75,713,2.4993,533,0.0316
714,15-09-2010,Marco-Michel,3,M,59.57,40.32,77.8,OF,714,O,O,75,714,1.7337,500,0.0286
715,15-09-2010,Marco-Michel,4,M,51.93,35.83,54.6,OF,715,O,O,100,715,1.9330,500,0.0342
716,15-09-2010,Marco-Michel,2,P,53.46,36.35,55.0,OC,716,OF,O,75,716,1.2455,500,0.0286
717,15-09-2010,Marco-Michel,4,M,75.51,50.38,135.8,OF,717,O,O,75,717,4.6675,500,0.0324
718,15-09-2010,Marco-Michel,4,M,50.89,33.46,45.6,OF,718,OC,OC,100,718,1.3714,500,0.0313
719,15-09-2010,Marco-Michel,4,M,53.77,39.45,67.7,OF,719,O,O,100,719,2.2631,515,0.0276
720,15-09-2010,Marco-Michel,2,P,55.21,36.61,59.9,OF,720,O,O,75,720,1.5729,500,0.0321
721,15-09-2010,Marco-Michel,4,M,55.77,38.56,61.2,OF,721,O,O,75,721,1.7277,500,0.0335
722,15-09-2010,Marco-Michel,4,M,70.71,51.58,133.2,OF,722,O,OC,75,722,3.7764,500,0.0349
723,15-09-2010,Marco-Michel,4,M,50.31,33.80,55.1,OF,723,O,O,100,723,2.0398,500,0.0310
724,15-09-2010,Marco-Michel,3,M,52.24,36.29,49.7,OF,724,O,O,75,724,1.2640,500,0.0294
725,15-09-2010,Marco-Michel,5,M,45.40,32.25,39.3,OF,725,OF,BL,100,725,1.1960,500,0.0278
726,15-09-2010,Marco-Michel,3,M,51.37,34.83,53.6,OF,726,O,O,75,726,1.3974,500,0.0282
727,15-09-2010,Marco-Michel,3,M,48.54,34.42,44.7,OF,727,O,O,75,727,1.1620,500,0.0282
728,15-09-2010,Marco-Michel,3,M,58.01,39.01,75.1,OF,728,O,O,75,728,2.0247,500,0.0283
729,15-09-2010,Marco-Michel,4,M,51.54,36.61,48.1,OF,729,O,OC,75,729,1.6868,500,0.0312
730,15-09-2010,Marco-Michel,3,M,48.95,32.68,43.5,OF,730,O,O,75,730,1.1812,500,0.0363
731,15-09-2010,Marco-Michel,2,P,52.14,34.63,51.1,OF,731,O,O,50,731,1.3236,500,0.0275
732,15-09-2010,Marco-Michel,2,P,50.94,35.58,46.3,OF,732,O,O,75,732,1.2180,500,0.0281
733,15-09-2010,Marco-Michel,4,M,71.10,50.78,130.7,OF,733,O,O,100,733,4.5461,500,0.0273
734,15-09-2010,Marco-Michel,4,M,52.63,35.09,59.0,OF,734,O,O,75,734,1.8086,500,0.0313
735,15-09-2010,Marco-Michel,4,M,51.70,34.31,54.1,OF,735,O,O,75,735,1.2793,500,0.0271
736,15-09-2010,Marco-Michel,4,M,56.46,38.30,67.0,OF,736,O,O,50,736,1.0897,500,0.0318
737,15-09-2010,Marco-Michel,3,M,53.63,36.51,58.7,OC,737,OF,O,75,737,1.2814,500,0.0248
738,15-09-2010,Marco-Michel,5,M,56.60,42.42,61.7,OF,738,OC,BL,<26,738,0.9546,500,0.0236
739,15-09-2010,Marco-Michel,3,M,62.69,44.08,80.9,OF,739,O,O,75,739,2.3621,500,0.0275
740,15-09-2010,Marco-Michel,5,M,83.12,56.96,183.5,OF,740,OF,BL,50,740,2.6818,506,0.0280
741,15-09-2010,Marco-Michel,4,M,75.98,52.49,151.7,OF,741,O,O,75,741,2.5286,512,0.0273
742,15-09-2010,Marco-Michel,4,M,74.34,48.21,136.5,OC,742,O,O,75,742,3.9395,500,0.0388
743,15-09-2010,Marco-Michel,5,M,73.36,47.86,137.4,OF,743,OC,BL,50,743,2.0908,500,0.0293
744,15-09-2010,Marco-Michel,4,M,72.56,47.23,119.1,OF,744,O,OC,75,744,3.1569,500,0.0306
745,15-09-2010,Marco-Michel,4,M,63.47,43.72,103.2,OF,745,O,O,100,745,2.9651,500,0.0312
746,15-09-2010,Marco-Michel,4,M,64.12,43.27,99.6,OF,746,O,O,75,746,2.1546,500,0.0364
747,15-09-2010,Marco-Michel,4,M,59.50,42.25,67.2,OF,747,O,OC,75,747,2.4384,513,0.0317
748,15-09-2010,Marco-Michel,4,M,66.58,48.07,122.5,OF,748,OC,O,100,748,3.7912,500,0.0307
749,15-09-2010,Marco-Michel,4,M,75.31,53.00,156.6,OC,749,O,O,100,749,3.6131,500,0.0290
750,15-09-2010,Marco-Michel,4,M,72.13,47.65,135.7,OF,750,OC,OC,100,750,4.1045,515,0.0299
751,15-09-2010,Marco-Michel,4,M,64.23,43.26,111.0,OC,751,O,O,100,751,3.3085,500,0.0358
752,15-09-2010,Marco-Michel,5,M,74.83,49.50,131.7,OF,752,O,BL,50,752,2.0650,524,0.0289
753,15-09-2010,Marco-Michel,4,M,58.65,40.99,74.0,OC,753,O,O,75,753,1.9118,500,0.0306
754,15-09-2010,Marco-Michel,4,M,73.44,50.96,140.5,OF,754,O,OC,75,754,3.9661,504,0.0295
755,15-09-2010,Marco-Michel,4,M,72.84,48.48,129.7,OF,755,O,O,100,755,3.9550,500,0.0354
756,15-09-2010,Marco-Michel,4,M,69.57,49.72,138.6,OF,756,O,O,100,756,4.1535,500,0.0330
757,15-09-2010,Marco-Michel,4,M,58.63,40.90,78.4,OF,757,O,O,100,757,3.1363,500,0.0317
758,15-09-2010,Marco-Michel,5,M,58.48,41.52,65.2,OC,758,OC,BL,<26,758,0.4215,500,0.0253
759,15-09-2010,Marco-Michel,4,M,57.00,37.62,70.2,OF,759,O,OC,100,759,1.9717,500,0.0343
760,15-09-2010,Marco-Michel,4,M,71.18,49.08,135.0,OF,760,O,O,75,760,3.7529,500,0.0377
761,15-09-2010,Marco-Michel,4,M,76.06,49.40,181.8,OF,761,O,O,100,761,3.7490,510,0.0333
762,15-09-2010,Marco-Michel,4,M,66.53,48.28,107.1,OF,762,O,O,75,762,3.2489,500,0.0297
763,15-09-2010,Marco-Michel,4,M,66.48,45.74,101.3,OF,763,O,OC,75,763,2.9350,503,0.0288
764,15-09-2010,Marco-Michel,5,M,63.35,44.52,91.8,OF,764,OF,BL,50,764,1.8778,518,0.0297
765,15-09-2010,Marco-Michel,4,M,56.78,39.27,65.9,OF,765,O,O,75,765,2.2531,500,0.0317
766,15-09-2010,Marco-Michel,4,M,61.70,43.25,81.7,OF,766,O,O,100,766,2.8054,509,0.0261
767,15-09-2010,Marco-Michel,4,M,64.66,44.33,104.3,OF,767,O,O,100,767,2.8686,500,0.0312
768,15-09-2010,Marco-Michel,4,M,69.88,50.90,124.6,OF,768,O,O,75,768,3.7574,500,0.0305
769,15-09-2010,Marco-Michel,4,M,63.57,43.75,84.6,OF,769,O,OC,25,769,1.4639,500,0.0298
770,15-09-2010,Marco-Michel,4,M,66.15,46.23,105.6,OF,770,O,O,75,770,3.4459,500,0.0294
771,15-09-2010,Marco-Michel,4,M,61.15,41.42,84.7,OF,771,OC,O,75,771,2.8730,500,0.0311
772,15-09-2010,Marco-Michel,4,M,66.08,44.31,104.3,OF,772,O,OC,75,772,2.6157,500,0.0256
773,15-09-2010,Marco-Michel,4,M,67.28,47.24,100.2,OF,773,O,O,75,773,3.4658,500,0.0315
774,15-09-2010,Marco-Michel,5,M,56.23,39.97,67.1,OF,774,O,BL,50,774,1.2416,500,0.0292
775,15-09-2010,Marco-Michel,4,M,57.25,38.83,64.5,OF,775,O,O,75,775,2.0053,498,0.0330
776,15-09-2010,Marco-Michel,4,M,52.50,36.40,68.1,OF,776,O,O,100,776,2.6396,500,0.0313
777,15-09-2010,Marco-Michel,4,M,63.69,42.78,89.8,OF,777,O,O,75,777,2.7372,500,0.0290
778,15-09-2010,Marco-Michel,4,M,60.58,39.61,79.8,OF,778,O,O,75,778,1.8260,500,0.0297
779,15-09-2010,Marco-Michel,4,M,64.27,45.63,100.6,OF,779,O,O,75,779,2.5009,500,0.0266
780,15-09-2010,Marco-Michel,5,M,63.31,44.92,99.6,,780,O,BL,75,780,2.2475,500,0.0305
